feature,importance
lying_diff_std,0.023221229703204723
lying_absdiff_std,0.022501829952128512
lying_slope,0.02228939371954546
lying_std,0.02168597358775867
lying_mean,0.021516286024137198
seating_absdiff_std,0.01994306923006416
lying_absdiff_mean,0.019841102613471145
seating_absdiff_mean,0.019519654366104543
seating_diff_std,0.019319104477718733
seating_mean,0.01848062752856764
seating_std,0.01833454353099772
seating_slope,0.017582675652235053
lying_range,0.016535941920268072
standing_mean,0.01645923752014377
standing_slope,0.016072140239243922
seating_range,0.01596011683640448
seating_max,0.015784321855372985
standing_diff_std,0.015522155399079106
standing_absdiff_std,0.015310051715641825
lying_diff_mean,0.015110978028098816
standing_std,0.014838903845123277
lying_min,0.014785025682990687
drinking_diff_std,0.014715773864658532
lying_q25,0.014358038257724645
drinking_max,0.014237549568710737
standing_absdiff_mean,0.014017254333581787
drinking_std,0.013958195465642689
drinking_mean,0.013891572216578933
drinking_absdiff_std,0.013857470727347204
standing_max,0.013831279774292693
standing_range,0.013030953669658327
drinking_slope,0.012399553913081491
drinking_range,0.012327626525670841
seating_diff_mean,0.01231055115155037
drinking_absdiff_mean,0.012238609413491778
standing_diff_mean,0.011887122229511998
standing_q75,0.011052884618640317
lying_median,0.010681459812281356
seating_q75,0.010578005319242157
drinking_diff_mean,0.009071403722722964
drinking_q75,0.008099859564729783
seating_zero_change_fraction,0.007646544532453836
lying_q75,0.007362464692651263
lying_zero_change_fraction,0.00705013998745192
standing_median,0.006744705787685794
eating_diff_std,0.006679562583202657
seating_median,0.0066216901194748705
eating_absdiff_std,0.006460452653996727
eating_slope,0.006386699838200101
eating_mean,0.006315134789969899
idle_slope,0.006144284230572901
eating_std,0.006085299416221854
lying_positive_change_fraction,0.005923651545277191
eating_absdiff_mean,0.005747209669690639
drinking_zero_change_fraction,0.005709877777013599
lying_negative_change_fraction,0.005627967435704265
standing_zero_change_fraction,0.005421554543830697
drinking_median,0.005203115099673401
seating_negative_change_fraction,0.005186927964254742
eating_range,0.005098204274125231
lying_max,0.005086187825751224
eating_max,0.004976441405668009
eating_diff_mean,0.00483255041547001
feed_max,0.004652567270832884
seating_positive_change_fraction,0.004645059531054218
feed_mean,0.004597410496987955
standing_negative_change_fraction,0.004366742219345859
standing_positive_change_fraction,0.004282742897148896
standing_q25,0.0038755957054560624
idle_mean,0.0038712893899193685
drinking_positive_change_fraction,0.0038012147204116347
feed_q75,0.0036057070227006154
drinking_negative_change_fraction,0.003556023291025721
drink_slope,0.00345661991075189
seating_q25,0.003415658266441016
drink_mean,0.003407131431360073
eating_q75,0.0033197740048759306
curious_slope,0.003190093769509138
curious_diff_std,0.0030872144506943412
feed_median,0.0030591443850379167
eating_zero_change_fraction,0.002999804491591114
curious_absdiff_std,0.0029922244112506407
curious_mean,0.0029506601284315435
curious_std,0.0028747448280524363
curious_absdiff_mean,0.002874525408521432
curious_max,0.002770809699452957
idle_absdiff_mean,0.0027645050321158803
curious_range,0.0027549672190716685
cuddling_slope,0.002750935105495426
idle_zero_change_fraction,0.0027465962514721044
idle_diff_std,0.002655324090504969
feed_slope,0.0026153543979025506
cuddling_diff_std,0.0025864574374182135
feed_std,0.0025791918215965475
cuddling_std,0.002558803910023652
cuddling_absdiff_mean,0.002554912955833632
idle_std,0.0025497285577131042
feed_absdiff_mean,0.002513577029485079
feed_diff_std,0.0025026667642122614
feed_absdiff_std,0.0024930044109146565
eating_median,0.0024852540271720425
cuddling_absdiff_std,0.002483140198288957
cuddling_mean,0.0024764500378859013
feed_q25,0.0024507999828994828
feed_diff_mean,0.0024077879676657086
cuddling_range,0.0023976311072717253
cuddling_max,0.002383856787517199
curious_diff_mean,0.0023723420698642645
feed_range,0.002360507583874272
eating_negative_change_fraction,0.002223803982659602
drinking_q25,0.0021563177698890744
eating_positive_change_fraction,0.0021322758198868454
idle_diff_mean,0.00212964907160394
eat_slope,0.002119647536456426
standing_min,0.0021150865924282596
drink_absdiff_mean,0.0020977678161174223
curious_zero_change_fraction,0.0020530216601059616
drink_diff_std,0.002031742816844825
drink_zero_change_fraction,0.0019800561228307725
idle_absdiff_std,0.0019596836520695744
eat_mean,0.0018943735012579785
feed_min,0.0018498942929253079
cuddling_diff_mean,0.0018334246752848176
idle_median,0.001754407643095809
drink_std,0.0017516468794991644
drink_absdiff_std,0.0016977677363755796
eating_q25,0.0016874179316547747
seating_min,0.0016456382714943054
idle_q25,0.0016295985252451775
idle_positive_change_fraction,0.001629211873892908
idle_negative_change_fraction,0.00161862247945878
drink_diff_mean,0.0015818471957647839
drink_q75,0.0015382174945032907
idle_q75,0.0015374224249553768
curious_negative_change_fraction,0.0015080843001756834
curious_q75,0.0015052802943579474
curious_positive_change_fraction,0.0014323017370752203
drink_median,0.0014016350997566138
idle_max,0.0013453243580191258
cuddling_zero_change_fraction,0.0013431812918007742
cuddling_q75,0.0013371492788277642
drink_negative_change_fraction,0.0013041115313295356
eat_absdiff_mean,0.0012838714196862972
eat_diff_std,0.0012745078086219802
drink_max,0.0012613045709169188
eat_zero_change_fraction,0.0012274963585804481
drink_positive_change_fraction,0.0011750102100216737
eat_absdiff_std,0.0011552259640300537
eating_min,0.0011500046413024899
eat_std,0.0011421834857610104
cuddling_positive_change_fraction,0.0010995743568013461
eat_diff_mean,0.0010118712336020662
cuddling_negative_change_fraction,0.0009667917891819566
feed_zero_change_fraction,0.0009111269729318583
mate_slope,0.000908260891548631
eat_q75,0.0008610241730959337
drinking_min,0.0008376370556196105
eat_max,0.0008239718485977076
eat_negative_change_fraction,0.0008204726234167939
mate_mean,0.0007831404158055269
eat_positive_change_fraction,0.0007777505668773434
drink_range,0.0007747542952955798
idle_range,0.0007566946476818904
curious_median,0.0007259170821566046
mate_diff_std,0.0007163079455117313
eat_median,0.0006861917604699609
eat_range,0.0006514959414040017
mate_absdiff_mean,0.0006324654352524064
mate_zero_change_fraction,0.0006239720055864947
mate_std,0.000592668181944534
mate_absdiff_std,0.0005602770347215357
feed_positive_change_fraction,0.0005533489810438795
idle_min,0.0005193042337754638
drink_q25,0.0004897314078092846
cuddling_median,0.0004698505573884016
mate_diff_mean,0.0004640690353715462
eat_q25,0.00043942275176283815
feed_negative_change_fraction,0.00041724126923607343
mate_positive_change_fraction,0.00040689019179372974
mate_max,0.0003777948424743995
mate_range,0.00035533397677363186
mate_negative_change_fraction,0.00033956415644819884
eat_min,0.0003212199319259264
curious_q25,0.0003095257729573922
mate_q75,0.00026583439283659464
cuddling_q25,0.00018456773774235683
drink_min,0.00014552349458287145
mate_median,0.00012261279750281332
curious_min,0.00010985586682611827
cuddling_min,5.419065352765637e-05
mate_q25,4.7398001232287285e-05
mate_min,2.239093010790277e-05
