pig_id,birth_date,age_days,stage,birth_weight,current_weight,adg,weight_deviation_pct,adg_deviation_pct,weight_label
PIG-0001,2024-03-19,83,grower,0.97,40.2,0.4727,-5.41,-27.28,Normal
PIG-0002,2024-05-02,39,nursery,1.78,22.7,0.5364,44.13,41.16,Overweight
PIG-0003,2024-02-29,102,grower,1.14,37.0,0.3516,-12.94,-45.91,Normal
PIG-0004,2023-12-26,167,finisher,1.14,137.2,0.8147,61.41,1.84,Overweight
PIG-0005,2024-05-28,13,piglet,1.2,3.3,0.1615,-12.0,-35.38,Normal
PIG-0006,2024-05-22,19,piglet,1.16,2.3,0.06,-38.67,-76.0,Underweight
PIG-0007,2024-01-24,138,finisher,1.21,96.0,0.6869,12.94,-14.14,Normal
PIG-0008,2024-05-16,25,nursery,0.92,5.8,0.1952,-63.17,-48.63,Underweight
PIG-0009,2024-03-08,94,grower,1.67,43.1,0.4407,1.41,-32.19,Normal
PIG-0010,2024-01-12,150,finisher,1.72,83.7,0.5465,-1.53,-31.68,Normal
PIG-0011,2024-05-26,15,piglet,1.25,2.3,0.07,-38.67,-72.0,Underweight
PIG-0012,2024-02-01,130,finisher,1.32,115.1,0.8752,35.41,9.4,Overweight
PIG-0013,2024-04-16,55,nursery,1.33,14.7,0.2431,-6.67,-36.03,Normal
PIG-0014,2024-05-31,10,piglet,1.3,6.7,0.54,78.67,116.0,Overweight
PIG-0015,2024-05-18,23,nursery,1.15,8.7,0.3283,-44.76,-13.62,Underweight
PIG-0016,2024-02-19,112,grower,1.18,40.8,0.3537,-4.0,-45.58,Normal
PIG-0017,2024-02-23,108,grower,1.31,41.5,0.3721,-2.35,-42.75,Normal
PIG-0018,2024-05-23,18,piglet,1.79,3.4,0.0894,-9.33,-64.22,Normal
PIG-0019,2024-04-09,62,nursery,1.57,15.8,0.2295,0.32,-39.6,Normal
PIG-0020,2024-05-17,24,nursery,1.46,5.8,0.1808,-63.17,-52.41,Underweight
PIG-0021,2024-01-20,142,finisher,1.26,102.7,0.7144,20.82,-10.7,Overweight
PIG-0022,2024-02-22,109,grower,1.54,68.9,0.618,62.12,-4.93,Overweight
PIG-0023,2024-05-25,16,piglet,1.56,7.1,0.3462,89.33,38.5,Overweight
PIG-0024,2024-01-17,145,finisher,0.95,56.9,0.3859,-33.06,-51.77,Underweight
PIG-0025,2024-05-09,32,nursery,1.4,17.9,0.5156,13.65,35.69,Normal
PIG-0026,2024-04-13,58,nursery,1.75,16.5,0.2543,4.76,-33.08,Normal
PIG-0027,2023-12-31,162,finisher,1.65,112.3,0.683,32.12,-14.62,Overweight
PIG-0028,2024-01-01,161,finisher,1.32,128.9,0.7924,51.65,-0.95,Overweight
PIG-0029,2024-01-12,150,finisher,1.35,105.9,0.697,24.59,-12.87,Overweight
PIG-0030,2024-05-25,16,piglet,1.27,3.8,0.1581,1.33,-36.75,Normal
PIG-0031,2024-01-14,148,finisher,1.68,85.6,0.567,0.71,-29.12,Normal
PIG-0032,2024-01-12,150,finisher,1.31,50.6,0.3286,-40.47,-58.93,Underweight
PIG-0033,2024-02-29,102,grower,1.08,48.1,0.461,13.18,-29.08,Normal
PIG-0034,2024-05-28,13,piglet,0.94,5.5,0.3508,46.67,40.31,Overweight
PIG-0035,2024-04-14,57,nursery,1.33,17.4,0.2819,10.48,-25.81,Normal
PIG-0036,2024-05-29,12,piglet,1.61,4.6,0.2492,22.67,-0.33,Overweight
PIG-0037,2024-01-19,143,finisher,1.22,84.3,0.581,-0.82,-27.38,Normal
PIG-0038,2024-05-06,35,nursery,1.75,28.6,0.7671,81.59,101.88,Overweight
PIG-0039,2024-03-27,75,grower,1.64,42.7,0.5475,0.47,-15.77,Normal
PIG-0040,2024-02-23,108,grower,1.06,36.8,0.3309,-13.41,-49.09,Normal
PIG-0041,2024-05-04,37,nursery,1.39,7.3,0.1597,-53.65,-57.97,Underweight
PIG-0042,2024-01-23,139,finisher,1.43,63.6,0.4473,-25.18,-44.09,Underweight
PIG-0043,2024-05-10,31,nursery,1.42,17.2,0.509,9.21,33.96,Normal
PIG-0044,2024-01-15,147,finisher,1.39,92.2,0.6178,8.47,-22.78,Normal
PIG-0045,2024-03-23,79,grower,1.67,38.9,0.4713,-8.47,-27.5,Normal
PIG-0046,2024-01-18,144,finisher,1.4,97.1,0.6646,14.24,-16.93,Normal
PIG-0047,2024-04-24,47,nursery,1.15,18.0,0.3585,14.29,-5.66,Normal
PIG-0048,2024-05-14,27,nursery,1.46,15.5,0.52,-1.59,36.84,Normal
PIG-0049,2024-01-13,149,finisher,1.55,87.2,0.5748,2.59,-28.15,Normal
PIG-0050,2024-01-15,147,finisher,1.05,134.5,0.9078,58.24,13.48,Overweight
PIG-0051,2023-12-29,164,finisher,1.39,73.2,0.4379,-13.88,-45.27,Normal
PIG-0052,2024-04-22,49,nursery,1.15,8.5,0.15,-46.03,-60.53,Underweight
PIG-0053,2024-03-06,96,grower,1.64,40.7,0.4069,-4.24,-37.4,Normal
PIG-0054,2024-05-16,25,nursery,0.96,32.5,1.2616,106.35,232.0,Overweight
PIG-0055,2024-01-21,141,finisher,1.37,74.8,0.5208,-12.0,-34.9,Normal
PIG-0056,2024-05-24,17,piglet,1.41,3.9,0.1465,4.0,-41.41,Normal
PIG-0057,2024-01-17,145,finisher,1.75,97.1,0.6576,14.24,-17.8,Normal
PIG-0058,2024-05-25,16,piglet,1.4,3.6,0.1375,-4.0,-45.0,Normal
PIG-0059,2024-01-03,159,finisher,1.12,91.9,0.5709,8.12,-28.63,Normal
PIG-0060,2024-04-18,53,nursery,1.68,14.3,0.2381,-9.21,-37.34,Normal
PIG-0061,2024-02-03,128,finisher,1.72,52.6,0.3975,-38.12,-50.31,Underweight
PIG-0062,2024-01-25,137,finisher,1.31,77.7,0.5576,-8.59,-30.3,Normal
PIG-0063,2024-02-21,110,grower,1.19,20.9,0.1792,-50.82,-72.43,Underweight
PIG-0064,2024-03-21,81,grower,1.28,24.7,0.2891,-41.88,-55.52,Underweight
PIG-0065,2024-02-11,120,grower,1.08,58.4,0.4777,37.41,-26.51,Overweight
PIG-0066,2024-01-12,150,finisher,1.56,86.9,0.5689,2.24,-28.88,Normal
PIG-0067,2024-02-14,117,grower,1.59,40.9,0.336,-3.76,-48.31,Normal
PIG-0068,2024-03-09,93,grower,1.09,42.2,0.442,-0.71,-31.99,Normal
PIG-0069,2024-03-25,77,grower,1.61,56.0,0.7064,31.76,8.67,Overweight
PIG-0070,2024-04-07,64,nursery,1.31,17.8,0.2577,13.02,-32.2,Normal
PIG-0071,2024-04-24,47,nursery,1.64,13.4,0.2502,-14.92,-34.15,Normal
PIG-0072,2024-04-08,63,nursery,1.06,16.9,0.2514,7.3,-33.83,Normal
PIG-0073,2024-05-20,21,piglet,1.75,3.9,0.1024,4.0,-59.05,Normal
PIG-0074,2024-01-14,148,finisher,1.54,30.2,0.1936,-64.47,-75.79,Underweight
PIG-0075,2024-03-25,77,grower,1.03,76.7,0.9827,80.47,51.19,Overweight
PIG-0076,2024-01-27,135,finisher,1.28,125.7,0.9216,47.88,15.2,Overweight
PIG-0077,2024-02-04,127,finisher,1.03,90.6,0.7053,6.59,-11.84,Normal
PIG-0078,2024-03-14,88,grower,1.14,38.5,0.4245,-9.41,-34.69,Normal
PIG-0079,2024-02-16,115,grower,1.18,15.5,0.1245,-63.53,-80.84,Underweight
PIG-0080,2024-03-28,74,grower,1.51,75.0,0.9931,76.47,52.79,Overweight
PIG-0081,2024-01-06,156,finisher,1.32,34.3,0.2114,-59.65,-73.57,Underweight
PIG-0082,2024-05-22,19,piglet,1.52,2.6,0.0568,-30.67,-77.26,Underweight
PIG-0083,2024-05-10,31,nursery,1.41,9.0,0.2448,-42.86,-35.57,Underweight
PIG-0084,2024-01-30,132,finisher,1.16,100.3,0.7511,18.0,-6.12,Overweight
PIG-0085,2024-02-23,108,grower,1.41,32.1,0.2842,-24.47,-56.28,Underweight
PIG-0086,2024-04-28,43,nursery,1.28,14.0,0.2958,-11.11,-22.15,Normal
PIG-0087,2024-03-14,88,grower,0.98,44.4,0.4934,4.47,-24.09,Normal
PIG-0088,2024-05-02,39,nursery,1.18,17.6,0.421,11.75,10.8,Normal
PIG-0089,2024-02-05,126,finisher,1.08,86.2,0.6756,1.41,-15.56,Normal
PIG-0090,2024-02-23,108,grower,1.54,40.3,0.3589,-5.18,-44.79,Normal
PIG-0091,2024-05-30,11,piglet,0.93,3.8,0.2609,1.33,4.36,Normal
PIG-0092,2024-05-21,20,piglet,1.42,3.9,0.124,4.0,-50.4,Normal
PIG-0093,2024-01-19,143,finisher,1.2,75.2,0.5175,-11.53,-35.31,Normal
PIG-0094,2024-01-15,147,finisher,0.95,106.1,0.7153,24.82,-10.59,Overweight
PIG-0095,2024-03-21,81,grower,1.22,43.3,0.5195,1.88,-20.08,Normal
PIG-0096,2024-03-14,88,grower,1.46,67.8,0.7539,59.53,15.98,Overweight
PIG-0097,2024-03-12,90,grower,1.2,26.8,0.2844,-36.94,-56.24,Underweight
PIG-0098,2024-01-09,153,finisher,1.28,125.2,0.8099,47.29,1.24,Overweight
PIG-0099,2024-02-03,128,finisher,1.1,76.5,0.5891,-10.0,-26.37,Normal
PIG-0100,2024-01-13,149,finisher,1.6,47.1,0.3054,-44.59,-61.83,Underweight
PIG-0101,2024-02-14,117,grower,1.74,36.7,0.2988,-13.65,-54.03,Normal
PIG-0102,2024-05-23,18,piglet,1.74,4.0,0.1256,6.67,-49.78,Normal
PIG-0103,2024-05-17,24,nursery,1.14,14.7,0.565,-6.67,48.68,Normal
PIG-0104,2024-04-01,70,nursery,1.15,14.1,0.185,-10.48,-51.32,Normal
PIG-0105,2024-02-09,122,finisher,0.95,77.3,0.6258,-9.06,-21.77,Normal
PIG-0106,2024-05-24,17,piglet,0.96,6.4,0.32,70.67,28.0,Overweight
PIG-0107,2024-05-25,16,piglet,1.01,3.6,0.1619,-4.0,-35.25,Normal
PIG-0108,2024-03-22,80,grower,1.72,42.1,0.5048,-0.94,-22.35,Normal
PIG-0109,2023-12-27,166,finisher,0.91,99.1,0.5915,16.59,-26.06,Overweight
PIG-0110,2024-01-14,148,finisher,0.96,86.0,0.5746,1.18,-28.18,Normal
PIG-0111,2024-02-16,115,grower,1.7,42.7,0.3565,0.47,-45.15,Normal
PIG-0112,2024-03-29,73,grower,1.29,46.8,0.6234,10.12,-4.09,Normal
PIG-0113,2024-03-03,99,grower,1.68,28.6,0.2719,-32.71,-58.17,Underweight
PIG-0114,2024-03-13,89,grower,1.7,62.8,0.6865,47.76,5.62,Overweight
PIG-0115,2024-06-04,6,piglet,1.21,4.1,0.4817,9.33,92.67,Normal
PIG-0116,2024-02-12,119,grower,1.11,40.9,0.3344,-3.76,-48.56,Normal
PIG-0117,2024-03-11,91,grower,1.6,44.8,0.4747,5.41,-26.97,Normal
PIG-0118,2024-04-27,44,nursery,1.28,5.4,0.0936,-65.71,-75.36,Underweight
PIG-0119,2024-01-05,157,finisher,1.74,103.6,0.6488,21.88,-18.9,Overweight
PIG-0120,2024-05-11,30,nursery,1.48,13.6,0.404,-13.65,6.32,Normal
PIG-0121,2024-02-04,127,finisher,1.61,117.2,0.9102,37.88,13.77,Overweight
PIG-0122,2024-05-25,16,piglet,1.41,7.1,0.3556,89.33,42.25,Overweight
PIG-0123,2024-04-15,56,nursery,1.05,15.5,0.258,-1.59,-32.1,Normal
PIG-0124,2024-03-28,74,grower,1.4,29.8,0.3838,-29.88,-40.96,Underweight
PIG-0125,2024-05-07,34,nursery,1.5,30.2,0.8441,91.75,122.14,Overweight
PIG-0126,2024-04-07,64,nursery,1.72,16.0,0.2231,1.59,-41.28,Normal
PIG-0127,2024-02-29,102,grower,1.16,47.6,0.4553,12.0,-29.95,Normal
PIG-0128,2024-03-01,101,grower,1.17,45.5,0.4389,7.06,-32.48,Normal
PIG-0129,2024-02-03,128,finisher,1.0,83.0,0.6406,-2.35,-19.92,Normal
PIG-0130,2024-05-20,21,piglet,1.41,3.4,0.0948,-9.33,-62.1,Normal
PIG-0131,2024-04-28,43,nursery,1.56,24.6,0.5358,56.19,41.0,Overweight
PIG-0132,2024-02-16,115,grower,1.34,47.3,0.3997,11.29,-38.52,Normal
PIG-0133,2024-02-28,103,grower,1.27,41.2,0.3877,-3.06,-40.36,Normal
PIG-0134,2024-01-21,141,finisher,1.22,60.0,0.4169,-29.41,-47.89,Underweight
PIG-0135,2024-03-30,72,grower,0.97,27.3,0.3657,-35.76,-43.74,Underweight
PIG-0136,2024-05-05,36,nursery,1.8,23.9,0.6139,51.75,61.55,Overweight
PIG-0137,2024-02-20,111,grower,0.9,44.3,0.391,4.24,-39.85,Normal
PIG-0138,2024-01-21,141,finisher,1.15,73.9,0.516,-13.06,-35.51,Normal
PIG-0139,2024-03-30,72,grower,1.42,45.2,0.6081,6.35,-6.45,Normal
PIG-0140,2024-02-24,107,grower,1.66,35.4,0.3153,-16.71,-51.49,Underweight
PIG-0141,2024-03-10,92,grower,1.79,46.1,0.4816,8.47,-25.9,Normal
PIG-0142,2024-03-04,98,grower,1.56,20.2,0.1902,-52.47,-70.74,Underweight
PIG-0143,2024-04-11,60,nursery,1.39,8.7,0.1218,-44.76,-67.94,Underweight
PIG-0144,2024-05-02,39,nursery,1.12,13.5,0.3174,-14.29,-16.46,Normal
PIG-0145,2024-05-19,22,nursery,1.17,23.3,1.0059,47.94,164.71,Overweight
PIG-0146,2024-04-25,46,nursery,1.24,16.3,0.3274,3.49,-13.84,Normal
PIG-0147,2024-05-02,39,nursery,0.97,8.3,0.1879,-47.3,-50.54,Underweight
PIG-0148,2024-04-11,60,nursery,0.93,17.9,0.2828,13.65,-25.57,Normal
PIG-0149,2023-12-24,169,finisher,1.49,142.6,0.835,67.76,4.37,Overweight
PIG-0150,2024-04-11,60,nursery,1.15,17.5,0.2725,11.11,-28.29,Normal
PIG-0151,2024-06-06,4,piglet,1.8,3.3,0.375,-12.0,50.0,Normal
PIG-0152,2024-02-06,125,finisher,1.48,135.7,1.0738,59.65,34.22,Overweight
PIG-0153,2024-01-11,151,finisher,1.79,139.6,0.9126,64.24,14.08,Overweight
PIG-0154,2024-04-24,47,nursery,1.76,15.1,0.2838,-4.13,-25.31,Normal
PIG-0155,2024-04-03,68,nursery,1.69,16.2,0.2134,2.86,-43.85,Normal
PIG-0156,2024-03-29,73,grower,1.22,47.7,0.6367,12.24,-2.04,Normal
PIG-0157,2024-06-08,2,piglet,1.64,5.4,1.88,44.0,652.0,Overweight
PIG-0158,2024-05-03,38,nursery,1.23,14.4,0.3466,-8.57,-8.8,Normal
PIG-0159,2024-02-23,108,grower,1.42,32.2,0.285,-24.24,-56.15,Underweight
PIG-0160,2024-01-25,137,finisher,0.99,85.8,0.6191,0.94,-22.62,Normal
PIG-0161,2024-03-07,95,grower,1.2,39.3,0.4011,-7.53,-38.3,Normal
PIG-0162,2024-01-05,157,finisher,1.21,73.9,0.463,-13.06,-42.13,Normal
PIG-0163,2024-01-17,145,finisher,1.74,82.7,0.5583,-2.71,-30.21,Normal
PIG-0164,2024-03-20,82,grower,1.53,38.3,0.4484,-9.88,-31.01,Normal
PIG-0165,2024-05-08,33,nursery,1.18,17.4,0.4915,10.48,29.35,Normal
PIG-0166,2024-01-30,132,finisher,1.68,60.8,0.4479,-28.47,-44.02,Underweight
PIG-0167,2024-01-03,159,finisher,1.19,81.6,0.5057,-4.0,-36.78,Normal
PIG-0168,2023-12-25,168,finisher,0.98,74.1,0.4352,-12.82,-45.6,Normal
PIG-0169,2024-05-27,14,piglet,1.11,3.8,0.1921,1.33,-23.14,Normal
PIG-0170,2024-02-14,117,grower,1.53,38.2,0.3134,-10.12,-51.78,Normal
PIG-0171,2024-01-18,144,finisher,0.92,34.2,0.2311,-59.76,-71.11,Underweight
PIG-0172,2024-03-01,101,grower,1.76,42.8,0.4063,0.71,-37.49,Normal
PIG-0173,2024-02-29,102,grower,1.74,48.4,0.4575,13.88,-29.62,Normal
PIG-0174,2024-02-28,103,grower,1.41,23.3,0.2125,-45.18,-67.3,Underweight
PIG-0175,2024-03-01,101,grower,1.14,44.2,0.4263,4.0,-34.41,Normal
PIG-0176,2024-05-14,27,nursery,1.07,11.4,0.3826,-27.62,0.68,Underweight
PIG-0177,2024-02-07,124,finisher,1.0,88.9,0.7089,4.59,-11.39,Normal
PIG-0178,2023-12-30,163,finisher,1.77,84.9,0.51,-0.12,-36.25,Normal
PIG-0179,2024-02-28,103,grower,1.47,75.5,0.7187,77.65,10.58,Overweight
PIG-0180,2024-05-25,16,piglet,1.78,3.7,0.12,-1.33,-52.0,Normal
PIG-0181,2024-04-22,49,nursery,1.71,14.6,0.2631,-7.3,-30.77,Normal
PIG-0182,2024-05-23,18,piglet,1.74,1.84,0.0056,-50.93,-97.78,Underweight
PIG-0183,2024-04-17,54,nursery,1.33,14.9,0.2513,-5.4,-33.87,Normal
PIG-0184,2024-02-18,113,grower,1.22,47.8,0.4122,12.47,-36.58,Normal
PIG-0185,2024-04-29,42,nursery,1.43,16.9,0.3683,7.3,-3.07,Normal
PIG-0186,2024-05-12,29,nursery,1.28,3.3,0.0697,-79.05,-81.67,Underweight
PIG-0187,2024-03-14,88,grower,1.02,36.2,0.3998,-14.82,-38.5,Normal
PIG-0188,2024-01-08,154,finisher,1.78,43.9,0.2735,-48.35,-65.81,Underweight
PIG-0189,2024-05-27,14,piglet,1.38,7.1,0.4086,89.33,63.43,Overweight
PIG-0190,2024-05-14,27,nursery,1.73,26.6,0.9211,68.89,142.4,Overweight
PIG-0191,2024-06-09,1,piglet,1.39,1.49,0.1,-60.27,-60.0,Underweight
PIG-0192,2024-01-16,146,finisher,1.37,93.3,0.6297,9.76,-21.29,Normal
PIG-0193,2024-05-02,39,nursery,1.01,23.5,0.5767,49.21,51.75,Overweight
PIG-0194,2024-01-24,138,finisher,1.29,90.2,0.6443,6.12,-19.47,Normal
PIG-0195,2024-05-15,26,nursery,1.49,15.5,0.5388,-1.59,41.8,Normal
PIG-0196,2024-03-08,94,grower,1.66,47.7,0.4898,12.24,-24.65,Normal
PIG-0197,2024-01-04,158,finisher,1.72,79.0,0.4891,-7.06,-38.86,Normal
PIG-0198,2024-06-03,7,piglet,1.74,3.3,0.2229,-12.0,-10.86,Normal
PIG-0199,2024-05-22,19,piglet,1.16,5.5,0.2284,46.67,-8.63,Overweight
PIG-0200,2024-04-17,54,nursery,1.4,20.0,0.3444,26.98,-9.36,Overweight
PIG-0201,2024-01-04,158,finisher,1.15,81.9,0.5111,-3.65,-36.12,Normal
PIG-0202,2024-03-05,97,grower,1.02,24.4,0.241,-42.59,-62.92,Underweight
PIG-0203,2024-05-02,39,nursery,1.12,13.9,0.3277,-11.75,-13.77,Normal
PIG-0204,2023-12-30,163,finisher,1.49,89.3,0.5387,5.06,-32.66,Normal
PIG-0205,2024-04-06,65,nursery,1.78,14.4,0.1942,-8.57,-48.91,Normal
PIG-0206,2024-03-13,89,grower,1.16,41.0,0.4476,-3.53,-31.13,Normal
PIG-0207,2024-01-07,155,finisher,1.53,83.9,0.5314,-1.29,-33.57,Normal
PIG-0208,2024-03-08,94,grower,1.75,45.1,0.4612,6.12,-29.05,Normal
PIG-0209,2024-02-09,122,finisher,1.56,90.7,0.7307,6.71,-8.67,Normal
PIG-0210,2024-05-09,32,nursery,1.63,16.8,0.4741,6.67,24.75,Normal
PIG-0211,2024-05-11,30,nursery,1.65,14.5,0.4283,-7.94,12.72,Normal
PIG-0212,2024-02-06,125,finisher,1.68,80.5,0.6306,-5.29,-21.18,Normal
PIG-0213,2024-02-11,120,grower,0.93,42.7,0.3481,0.47,-46.45,Normal
PIG-0214,2024-02-08,123,finisher,1.07,73.1,0.5856,-14.0,-26.8,Normal
PIG-0215,2024-02-07,124,finisher,1.44,76.1,0.6021,-10.47,-24.74,Normal
PIG-0216,2024-03-22,80,grower,0.95,68.5,0.8444,61.18,29.9,Overweight
PIG-0217,2024-05-19,22,nursery,1.28,21.5,0.9191,36.51,141.87,Overweight
PIG-0218,2024-05-04,37,nursery,1.33,14.2,0.3478,-9.84,-8.46,Normal
PIG-0219,2024-05-14,27,nursery,0.91,14.9,0.5181,-5.4,36.35,Normal
PIG-0220,2024-03-14,88,grower,1.65,44.8,0.4903,5.41,-24.56,Normal
PIG-0221,2024-04-03,68,nursery,0.98,13.6,0.1856,-13.65,-51.16,Normal
PIG-0222,2024-02-08,123,finisher,0.97,82.8,0.6653,-2.59,-16.84,Normal
PIG-0223,2024-04-29,42,nursery,1.34,10.1,0.2086,-35.87,-45.11,Underweight
PIG-0224,2024-01-29,133,finisher,1.44,91.7,0.6786,7.88,-15.17,Normal
PIG-0225,2024-06-04,6,piglet,1.02,3.4,0.3967,-9.33,58.67,Normal
PIG-0226,2024-04-18,53,nursery,1.03,14.5,0.2542,-7.94,-33.12,Normal
PIG-0227,2024-01-26,136,finisher,1.65,76.2,0.5482,-10.35,-31.48,Normal
PIG-0228,2024-03-09,93,grower,1.48,39.6,0.4099,-6.82,-36.94,Normal
PIG-0229,2024-05-03,38,nursery,0.94,14.6,0.3595,-7.3,-5.4,Normal
PIG-0230,2024-01-22,140,finisher,1.25,84.2,0.5925,-0.94,-25.94,Normal
PIG-0231,2024-06-03,7,piglet,1.0,3.3,0.3286,-12.0,31.43,Normal
PIG-0232,2024-01-26,136,finisher,1.74,78.7,0.5659,-7.41,-29.26,Normal
PIG-0233,2024-03-25,77,grower,1.21,44.0,0.5557,3.53,-14.51,Normal
PIG-0234,2023-12-28,165,finisher,1.05,80.1,0.4791,-5.76,-40.11,Normal
PIG-0235,2024-05-17,24,nursery,1.78,18.1,0.68,14.92,78.95,Normal
PIG-0236,2024-04-04,67,nursery,1.41,17.2,0.2357,9.21,-37.98,Normal
PIG-0237,2024-01-29,133,finisher,0.97,104.5,0.7784,22.94,-2.7,Overweight
PIG-0238,2024-03-08,94,grower,1.1,47.4,0.4926,11.53,-24.22,Normal
PIG-0239,2024-04-28,43,nursery,1.53,14.0,0.29,-11.11,-23.68,Normal
PIG-0240,2024-03-10,92,grower,1.27,65.7,0.7003,54.59,7.74,Overweight
PIG-0241,2024-04-13,58,nursery,1.07,14.0,0.2229,-11.11,-41.33,Normal
PIG-0242,2024-01-25,137,finisher,1.06,34.8,0.2463,-59.06,-69.22,Underweight
PIG-0243,2024-01-23,139,finisher,1.2,89.0,0.6317,4.71,-21.04,Normal
PIG-0244,2024-02-02,129,finisher,1.6,113.8,0.8698,33.88,8.72,Overweight
PIG-0245,2024-03-17,85,grower,1.25,31.7,0.3582,-25.41,-44.89,Underweight
PIG-0246,2023-12-30,163,finisher,1.79,108.1,0.6522,27.18,-18.47,Overweight
PIG-0247,2024-04-13,58,nursery,1.37,14.5,0.2264,-7.94,-40.43,Normal
PIG-0248,2024-01-05,157,finisher,1.6,33.5,0.2032,-60.59,-74.6,Underweight
PIG-0249,2024-04-21,50,nursery,1.55,23.9,0.447,51.75,17.63,Overweight
PIG-0250,2024-04-09,62,nursery,1.61,14.0,0.1998,-11.11,-47.41,Normal
PIG-0251,2024-02-28,103,grower,1.6,47.8,0.4485,12.47,-30.99,Normal
PIG-0252,2024-04-12,59,nursery,1.16,19.1,0.3041,21.27,-19.98,Overweight
PIG-0253,2024-04-19,52,nursery,1.68,22.9,0.4081,45.4,7.39,Overweight
PIG-0254,2024-01-29,133,finisher,1.03,89.3,0.6637,5.06,-17.04,Normal
PIG-0255,2024-02-04,127,finisher,1.04,103.4,0.806,21.65,0.75,Overweight
PIG-0256,2024-03-10,92,grower,1.25,50.9,0.5397,19.76,-16.97,Overweight
PIG-0257,2024-06-02,8,piglet,1.79,3.5,0.2137,-6.67,-14.5,Normal
PIG-0258,2024-06-02,8,piglet,1.65,3.5,0.2313,-6.67,-7.5,Normal
PIG-0259,2024-03-30,72,grower,1.74,38.5,0.5106,-9.41,-21.45,Normal
PIG-0260,2024-02-10,121,finisher,1.2,83.6,0.681,-1.65,-14.88,Normal
PIG-0261,2024-04-04,67,nursery,1.49,25.7,0.3613,63.17,-4.91,Overweight
PIG-0262,2024-04-21,50,nursery,1.52,15.3,0.2756,-2.86,-27.47,Normal
PIG-0263,2024-01-07,155,finisher,1.8,50.5,0.3142,-40.59,-60.73,Underweight
PIG-0264,2024-03-13,89,grower,1.0,42.0,0.4607,-1.18,-29.13,Normal
PIG-0265,2024-02-16,115,grower,1.37,45.3,0.382,6.59,-41.23,Normal
PIG-0266,2024-03-12,90,grower,1.6,45.1,0.4833,6.12,-25.64,Normal
PIG-0267,2024-03-08,94,grower,1.63,40.3,0.4114,-5.18,-36.71,Normal
PIG-0268,2024-05-20,21,piglet,1.64,4.0,0.1124,6.67,-55.05,Normal
PIG-0269,2024-04-14,57,nursery,1.61,11.6,0.1753,-26.35,-53.88,Underweight
PIG-0270,2024-05-14,27,nursery,1.63,15.0,0.4952,-4.76,30.31,Normal
PIG-0271,2024-04-12,59,nursery,0.96,16.1,0.2566,2.22,-32.47,Normal
PIG-0272,2024-02-10,121,finisher,1.49,40.1,0.3191,-52.82,-60.11,Underweight
PIG-0273,2024-04-20,51,nursery,1.66,17.3,0.3067,9.84,-19.3,Normal
PIG-0274,2024-03-15,87,grower,1.62,63.5,0.7113,49.41,9.43,Overweight
PIG-0275,2024-04-18,53,nursery,1.0,17.5,0.3113,11.11,-18.07,Normal
PIG-0276,2024-02-07,124,finisher,1.34,110.1,0.8771,29.53,9.64,Overweight
PIG-0277,2024-01-02,160,finisher,1.24,42.2,0.256,-50.35,-68.0,Underweight
PIG-0278,2024-01-05,157,finisher,1.56,78.3,0.4888,-7.88,-38.9,Normal
PIG-0279,2024-06-09,1,piglet,1.69,3.3,1.61,-12.0,544.0,Normal
PIG-0280,2024-02-08,123,finisher,1.36,114.6,0.9207,34.82,15.08,Overweight
PIG-0281,2023-12-25,168,finisher,1.64,88.5,0.517,4.12,-35.37,Normal
PIG-0282,2024-03-13,89,grower,1.57,37.4,0.4026,-12.0,-38.06,Normal
PIG-0283,2023-12-28,165,finisher,1.36,137.8,0.8269,62.12,3.36,Overweight
PIG-0284,2024-05-19,22,nursery,1.27,10.8,0.4332,-31.43,14.0,Underweight
PIG-0285,2023-12-23,170,finisher,0.98,96.0,0.5589,12.94,-30.13,Normal
PIG-0286,2024-05-10,31,nursery,1.23,16.3,0.4861,3.49,27.93,Normal
PIG-0287,2024-03-02,100,grower,1.74,48.7,0.4696,14.59,-27.75,Normal
PIG-0288,2024-04-19,52,nursery,1.74,9.0,0.1396,-42.86,-63.26,Underweight
PIG-0289,2024-02-08,123,finisher,1.65,110.7,0.8866,30.24,10.82,Overweight
PIG-0290,2024-04-25,46,nursery,1.47,8.3,0.1485,-47.3,-60.93,Underweight
PIG-0291,2024-02-19,112,grower,1.06,44.9,0.3914,5.65,-39.78,Normal
PIG-0292,2023-12-30,163,finisher,1.02,96.9,0.5882,14.0,-26.47,Normal
PIG-0293,2024-03-16,86,grower,1.18,40.8,0.4607,-4.0,-29.12,Normal
PIG-0294,2024-05-18,23,nursery,1.21,14.4,0.5735,-8.57,50.92,Normal
PIG-0295,2024-02-29,102,grower,1.26,46.8,0.4465,10.12,-31.31,Normal
PIG-0296,2024-02-12,119,grower,1.1,46.9,0.3849,10.35,-40.79,Normal
PIG-0297,2024-02-28,103,grower,1.08,71.2,0.6808,67.53,4.73,Overweight
PIG-0298,2024-05-19,22,nursery,1.39,17.6,0.7368,11.75,93.9,Normal
PIG-0299,2024-04-30,41,nursery,1.44,16.6,0.3698,5.4,-2.7,Normal
PIG-0300,2024-04-27,44,nursery,1.16,16.1,0.3395,2.22,-10.65,Normal
PIG-0301,2024-05-08,33,nursery,1.65,29.6,0.847,87.94,122.89,Overweight
PIG-0302,2024-06-02,8,piglet,1.67,7.4,0.7163,97.33,186.5,Overweight
PIG-0303,2024-05-02,39,nursery,1.53,16.4,0.3813,4.13,0.34,Normal
PIG-0304,2024-01-10,152,finisher,0.96,83.4,0.5424,-1.88,-32.2,Normal
PIG-0305,2024-02-11,120,grower,1.39,36.5,0.2926,-14.12,-54.99,Normal
PIG-0306,2023-12-25,168,finisher,1.04,111.1,0.6551,30.71,-18.11,Overweight
PIG-0307,2024-05-03,38,nursery,1.45,25.9,0.6434,64.44,69.32,Overweight
PIG-0308,2024-01-05,157,finisher,1.18,123.2,0.7772,44.94,-2.85,Overweight
PIG-0309,2024-01-09,153,finisher,1.57,83.3,0.5342,-2.0,-33.23,Normal
PIG-0310,2024-02-09,122,finisher,1.48,41.2,0.3256,-51.53,-59.3,Underweight
PIG-0311,2023-12-24,169,finisher,1.25,75.9,0.4417,-10.71,-44.79,Normal
PIG-0312,2024-03-12,90,grower,1.45,74.4,0.8106,75.06,24.7,Overweight
PIG-0313,2024-05-01,40,nursery,1.72,12.6,0.272,-20.0,-28.42,Underweight
PIG-0314,2024-01-21,141,finisher,1.4,93.9,0.656,10.47,-18.0,Normal
PIG-0315,2024-01-21,141,finisher,1.54,57.6,0.3976,-32.24,-50.3,Underweight
PIG-0316,2024-05-07,34,nursery,1.58,14.6,0.3829,-7.3,0.77,Normal
PIG-0317,2024-06-04,6,piglet,1.36,3.9,0.4233,4.0,69.33,Normal
PIG-0318,2024-06-06,4,piglet,1.32,3.5,0.545,-6.67,118.0,Normal
PIG-0319,2023-12-26,167,finisher,1.03,93.4,0.5531,9.88,-30.86,Normal
PIG-0320,2024-05-14,27,nursery,1.22,15.5,0.5289,-1.59,39.18,Normal
PIG-0321,2024-01-27,135,finisher,1.11,75.8,0.5533,-10.82,-30.84,Normal
PIG-0322,2024-05-05,36,nursery,1.6,16.3,0.4083,3.49,7.46,Normal
PIG-0323,2024-02-19,112,grower,1.6,46.7,0.4027,9.88,-38.05,Normal
PIG-0324,2024-04-21,50,nursery,1.23,17.2,0.3194,9.21,-15.95,Normal
PIG-0325,2024-04-16,55,nursery,1.61,14.2,0.2289,-9.84,-39.76,Normal
PIG-0326,2024-06-02,8,piglet,1.2,3.8,0.325,1.33,30.0,Normal
PIG-0327,2024-04-06,65,nursery,1.62,17.0,0.2366,7.94,-37.73,Normal
PIG-0328,2024-04-16,55,nursery,1.12,17.8,0.3033,13.02,-20.19,Normal
PIG-0329,2024-03-27,75,grower,1.3,46.1,0.5973,8.47,-8.1,Normal
PIG-0330,2024-02-02,129,finisher,1.36,110.6,0.8468,30.12,5.85,Overweight
PIG-0331,2024-04-09,62,nursery,1.5,15.3,0.2226,-2.86,-41.43,Normal
PIG-0332,2024-01-11,151,finisher,1.04,96.6,0.6328,13.65,-20.89,Normal
PIG-0333,2024-03-18,84,grower,1.07,39.2,0.4539,-7.76,-30.16,Normal
PIG-0334,2024-04-04,67,nursery,1.59,17.0,0.23,7.94,-39.47,Normal
PIG-0335,2024-01-22,140,finisher,1.74,79.8,0.5576,-6.12,-30.3,Normal
PIG-0336,2024-02-23,108,grower,1.48,63.2,0.5715,48.71,-12.08,Overweight
PIG-0337,2024-05-07,34,nursery,0.99,5.9,0.1444,-62.54,-62.0,Underweight
PIG-0338,2024-05-25,16,piglet,1.57,1.6700000000000002,0.0063,-55.47,-97.5,Underweight
PIG-0339,2024-03-11,91,grower,1.2,74.0,0.8,74.12,23.08,Overweight
PIG-0340,2024-02-13,118,grower,1.4,41.1,0.3364,-3.29,-48.24,Normal
PIG-0341,2023-12-23,170,finisher,0.94,67.0,0.3886,-21.18,-51.43,Underweight
PIG-0342,2024-01-12,150,finisher,1.07,93.9,0.6189,10.47,-22.64,Normal
PIG-0343,2024-01-29,133,finisher,1.52,33.8,0.2427,-60.24,-69.66,Underweight
PIG-0344,2024-02-23,108,grower,1.17,61.4,0.5577,44.47,-14.2,Overweight
PIG-0345,2024-02-02,129,finisher,1.62,93.3,0.7107,9.76,-11.16,Normal
PIG-0346,2024-05-07,34,nursery,1.67,7.9,0.1832,-49.84,-51.78,Underweight
PIG-0347,2024-01-25,137,finisher,1.55,138.6,1.0004,63.06,25.05,Overweight
PIG-0348,2024-05-02,39,nursery,1.08,15.7,0.3749,-0.32,-1.35,Normal
PIG-0349,2024-01-27,135,finisher,1.59,113.9,0.8319,34.0,3.99,Overweight
PIG-0350,2024-01-31,131,finisher,1.71,97.1,0.7282,14.24,-8.98,Normal
PIG-0351,2024-06-05,5,piglet,1.27,3.8,0.506,1.33,102.4,Normal
PIG-0352,2024-02-18,113,grower,0.97,39.7,0.3427,-6.59,-47.27,Normal
PIG-0353,2024-04-24,47,nursery,1.22,19.1,0.3804,21.27,0.11,Overweight
PIG-0354,2024-01-06,156,finisher,1.06,80.2,0.5073,-5.65,-36.59,Normal
PIG-0355,2024-06-08,2,piglet,1.55,2.1,0.275,-44.0,10.0,Underweight
PIG-0356,2024-05-02,39,nursery,1.47,14.7,0.3392,-6.67,-10.73,Normal
PIG-0357,2024-04-26,45,nursery,1.01,7.1,0.1353,-54.92,-64.39,Underweight
PIG-0358,2024-05-04,37,nursery,1.64,15.3,0.3692,-2.86,-2.84,Normal
PIG-0359,2024-02-09,122,finisher,1.01,89.9,0.7286,5.76,-8.92,Normal
PIG-0360,2024-01-03,159,finisher,1.4,133.7,0.8321,57.29,4.01,Overweight
PIG-0361,2024-05-10,31,nursery,1.05,11.2,0.3274,-28.89,-13.84,Underweight
PIG-0362,2024-01-19,143,finisher,1.28,77.7,0.5344,-8.59,-33.2,Normal
PIG-0363,2024-05-25,16,piglet,1.63,3.3,0.1044,-12.0,-58.25,Normal
PIG-0364,2024-03-18,84,grower,1.13,37.6,0.4342,-11.53,-33.21,Normal
PIG-0365,2024-01-29,133,finisher,1.06,35.8,0.2612,-57.88,-67.35,Underweight
PIG-0366,2024-01-26,136,finisher,1.64,40.0,0.2821,-52.94,-64.74,Underweight
PIG-0367,2024-01-19,143,finisher,1.44,79.2,0.5438,-6.82,-32.03,Normal
PIG-0368,2024-02-07,124,finisher,1.44,90.1,0.715,6.0,-10.63,Normal
PIG-0369,2024-05-13,28,nursery,1.71,15.6,0.4961,-0.95,30.55,Normal
PIG-0370,2024-01-18,144,finisher,1.18,56.0,0.3807,-34.12,-52.41,Underweight
PIG-0371,2024-05-26,15,piglet,1.59,1.6900000000000002,0.0067,-54.93,-97.33,Underweight
PIG-0372,2024-04-07,64,nursery,1.72,15.5,0.2153,-1.59,-43.34,Normal
PIG-0373,2024-04-22,49,nursery,1.23,14.3,0.2667,-9.21,-29.81,Normal
PIG-0374,2024-03-31,71,grower,1.03,40.0,0.5489,-5.88,-15.56,Normal
PIG-0375,2024-05-30,11,piglet,1.35,1.6,0.0227,-57.33,-90.91,Underweight
PIG-0376,2024-05-15,26,nursery,1.37,16.0,0.5627,1.59,48.08,Normal
PIG-0377,2024-02-01,130,finisher,1.21,88.4,0.6707,4.0,-16.16,Normal
PIG-0378,2024-02-15,116,grower,1.23,39.8,0.3325,-6.35,-48.85,Normal
PIG-0379,2024-01-18,144,finisher,1.52,90.8,0.62,6.82,-22.5,Normal
PIG-0380,2024-06-02,8,piglet,1.62,7.8,0.7725,108.0,209.0,Overweight
PIG-0381,2024-05-24,17,piglet,1.09,3.6,0.1476,-4.0,-40.94,Normal
PIG-0382,2024-02-17,114,grower,1.0,46.0,0.3947,8.24,-39.27,Normal
PIG-0383,2024-03-18,84,grower,1.35,46.6,0.5387,9.65,-17.12,Normal
PIG-0384,2024-01-05,157,finisher,1.01,83.1,0.5229,-2.24,-34.64,Normal
PIG-0385,2024-02-01,130,finisher,1.3,108.3,0.8231,27.41,2.88,Overweight
PIG-0386,2024-01-06,156,finisher,1.29,97.0,0.6135,14.12,-23.31,Normal
PIG-0387,2024-01-30,132,finisher,1.38,96.0,0.7168,12.94,-10.4,Normal
PIG-0388,2024-04-19,52,nursery,1.04,16.0,0.2877,1.59,-24.29,Normal
PIG-0389,2024-03-31,71,grower,1.48,46.7,0.6369,9.88,-2.02,Normal
PIG-0390,2024-02-15,116,grower,1.41,43.4,0.362,2.12,-44.31,Normal
PIG-0391,2024-01-31,131,finisher,1.23,88.0,0.6624,3.53,-17.2,Normal
PIG-0392,2024-01-25,137,finisher,1.79,122.8,0.8833,44.47,10.41,Overweight
PIG-0393,2024-02-08,123,finisher,1.21,80.8,0.6471,-4.94,-19.12,Normal
PIG-0394,2024-02-01,130,finisher,1.22,87.2,0.6614,2.59,-17.33,Normal
PIG-0395,2024-04-07,64,nursery,0.91,9.2,0.1295,-41.59,-65.91,Underweight
PIG-0396,2024-01-28,134,finisher,1.25,35.1,0.2526,-58.71,-68.42,Underweight
PIG-0397,2024-04-04,67,nursery,1.02,11.5,0.1564,-26.98,-58.84,Underweight
PIG-0398,2024-01-18,144,finisher,1.08,116.5,0.8015,37.06,0.19,Overweight
PIG-0399,2024-04-19,52,nursery,1.01,13.6,0.2421,-13.65,-36.29,Normal
PIG-0400,2024-02-16,115,grower,1.05,36.2,0.3057,-14.82,-52.98,Normal
PIG-0401,2024-05-05,36,nursery,1.49,13.4,0.3308,-14.92,-12.94,Normal
PIG-0402,2024-02-24,107,grower,1.13,48.5,0.4427,14.12,-31.89,Normal
PIG-0403,2024-05-09,32,nursery,1.45,13.7,0.3828,-13.02,0.74,Normal
PIG-0404,2024-03-01,101,grower,1.64,25.0,0.2313,-41.18,-64.42,Underweight
PIG-0405,2024-02-17,114,grower,1.09,45.8,0.3922,7.76,-39.66,Normal
PIG-0406,2024-03-21,81,grower,1.09,54.0,0.6532,27.06,0.49,Overweight
PIG-0407,2024-05-22,19,piglet,1.7,4.0,0.1211,6.67,-51.58,Normal
PIG-0408,2024-04-09,62,nursery,1.4,15.5,0.2274,-1.59,-40.15,Normal
PIG-0409,2024-02-21,110,grower,1.57,37.8,0.3294,-11.06,-49.33,Normal
PIG-0410,2024-05-22,19,piglet,1.12,3.5,0.1253,-6.67,-49.89,Normal
PIG-0411,2024-04-16,55,nursery,1.23,17.0,0.2867,7.94,-24.55,Normal
PIG-0412,2024-03-24,78,grower,1.16,48.2,0.6031,13.41,-7.22,Normal
PIG-0413,2024-05-09,32,nursery,1.34,16.6,0.4769,5.4,25.49,Normal
PIG-0414,2024-05-01,40,nursery,1.55,6.9,0.1338,-56.19,-64.8,Underweight
PIG-0415,2023-12-28,165,finisher,1.75,99.6,0.593,17.18,-25.87,Overweight
PIG-0416,2023-12-23,170,finisher,1.28,43.5,0.2484,-48.82,-68.96,Underweight
PIG-0417,2024-03-08,94,grower,1.38,45.5,0.4694,7.06,-27.79,Normal
PIG-0418,2024-05-04,37,nursery,1.28,24.4,0.6249,54.92,64.44,Overweight
PIG-0419,2024-04-06,65,nursery,1.63,14.4,0.1965,-8.57,-48.3,Normal
PIG-0420,2024-05-05,36,nursery,1.36,16.4,0.4178,4.13,9.94,Normal
PIG-0421,2024-02-11,120,grower,1.09,47.4,0.3859,11.53,-40.63,Normal
PIG-0422,2024-04-14,57,nursery,0.97,16.3,0.2689,3.49,-29.22,Normal
PIG-0423,2024-05-16,25,nursery,1.79,16.4,0.5844,4.13,53.79,Normal
PIG-0424,2024-02-29,102,grower,1.72,39.5,0.3704,-7.06,-43.02,Normal
PIG-0425,2024-02-06,125,finisher,0.96,93.7,0.7419,10.24,-7.26,Normal
PIG-0426,2024-04-29,42,nursery,1.28,13.4,0.2886,-14.92,-24.06,Normal
PIG-0427,2024-04-13,58,nursery,1.62,15.5,0.2393,-1.59,-37.02,Normal
PIG-0428,2024-04-29,42,nursery,0.92,16.7,0.3757,6.03,-1.13,Normal
PIG-0429,2024-02-20,111,grower,1.53,42.9,0.3727,0.94,-42.66,Normal
PIG-0430,2024-01-30,132,finisher,1.17,79.0,0.5896,-7.06,-26.3,Normal
PIG-0431,2024-02-27,104,grower,1.19,41.2,0.3847,-3.06,-40.81,Normal
PIG-0432,2024-03-15,87,grower,1.04,45.0,0.5053,5.88,-22.26,Normal
PIG-0433,2024-02-23,108,grower,1.62,33.2,0.2924,-21.88,-55.01,Underweight
PIG-0434,2024-04-20,51,nursery,1.34,16.2,0.2914,2.86,-23.32,Normal
PIG-0435,2024-03-10,92,grower,1.56,41.2,0.4309,-3.06,-33.71,Normal
PIG-0436,2024-03-20,82,grower,1.08,32.5,0.3832,-23.53,-41.05,Underweight
PIG-0437,2024-05-17,24,nursery,1.58,11.9,0.43,-24.44,13.16,Underweight
PIG-0438,2024-03-08,94,grower,1.21,17.7,0.1754,-58.35,-73.01,Underweight
PIG-0439,2024-06-05,5,piglet,1.5,3.3,0.36,-12.0,44.0,Normal
PIG-0440,2024-03-15,87,grower,0.94,48.0,0.5409,12.94,-16.78,Normal
PIG-0441,2024-01-20,142,finisher,1.6,133.2,0.9268,56.71,15.85,Overweight
PIG-0442,2024-02-13,118,grower,1.05,47.1,0.3903,10.82,-39.96,Normal
PIG-0443,2024-02-18,113,grower,1.37,56.5,0.4879,32.94,-24.94,Overweight
PIG-0444,2024-06-05,5,piglet,1.07,5.7,0.926,52.0,270.4,Overweight
PIG-0445,2024-03-03,99,grower,1.22,28.8,0.2786,-32.24,-57.14,Underweight
PIG-0446,2024-03-17,85,grower,1.3,38.5,0.4376,-9.41,-32.67,Normal
PIG-0447,2024-01-29,133,finisher,0.92,87.8,0.6532,3.29,-18.35,Normal
PIG-0448,2024-01-02,160,finisher,1.38,91.6,0.5639,7.76,-29.52,Normal
PIG-0449,2024-03-26,76,grower,0.96,60.0,0.7768,41.18,19.51,Overweight
PIG-0450,2024-01-30,132,finisher,1.45,112.0,0.8375,31.76,4.69,Overweight
PIG-0451,2024-05-24,17,piglet,1.47,3.5,0.1194,-6.67,-52.24,Normal
PIG-0452,2024-05-12,29,nursery,1.19,14.9,0.4728,-5.4,24.41,Normal
PIG-0453,2024-04-12,59,nursery,1.79,15.8,0.2375,0.32,-37.51,Normal
PIG-0454,2024-05-14,27,nursery,1.54,13.7,0.4504,-13.02,18.52,Normal
PIG-0455,2024-05-19,22,nursery,1.09,14.4,0.605,-8.57,59.21,Normal
PIG-0456,2024-04-03,68,nursery,1.1,16.9,0.2324,7.3,-38.85,Normal
PIG-0457,2024-04-01,70,nursery,1.37,12.0,0.1519,-23.81,-60.04,Underweight
PIG-0458,2024-05-30,11,piglet,1.45,4.1,0.2409,9.33,-3.64,Normal
PIG-0459,2024-04-24,47,nursery,1.0,15.3,0.3043,-2.86,-19.93,Normal
PIG-0460,2024-04-01,70,nursery,1.72,14.6,0.184,-7.3,-51.58,Normal
PIG-0461,2024-05-07,34,nursery,1.57,17.2,0.4597,9.21,20.98,Normal
PIG-0462,2024-02-22,109,grower,1.76,16.3,0.1334,-61.65,-79.48,Underweight
PIG-0463,2024-04-04,67,nursery,1.48,18.1,0.2481,14.92,-34.72,Normal
PIG-0464,2024-02-27,104,grower,1.29,47.2,0.4414,11.06,-32.09,Normal
PIG-0465,2024-05-02,39,nursery,1.02,21.7,0.5303,37.78,39.54,Overweight
PIG-0466,2024-01-24,138,finisher,1.19,72.5,0.5167,-14.71,-35.41,Normal
PIG-0467,2024-01-30,132,finisher,1.37,137.4,1.0305,61.65,28.82,Overweight
PIG-0468,2024-01-15,147,finisher,1.19,82.7,0.5545,-2.71,-30.69,Normal
PIG-0469,2024-02-04,127,finisher,1.61,59.8,0.4582,-29.65,-42.73,Underweight
PIG-0470,2024-03-18,84,grower,1.58,38.9,0.4443,-8.47,-31.65,Normal
PIG-0471,2024-05-18,23,nursery,1.34,16.6,0.6635,5.4,74.6,Normal
PIG-0472,2024-03-30,72,grower,1.42,44.8,0.6025,5.41,-7.31,Normal
PIG-0473,2024-05-26,15,piglet,1.77,3.8,0.1353,1.33,-45.87,Normal
PIG-0474,2024-04-24,47,nursery,1.45,16.3,0.316,3.49,-16.85,Normal
PIG-0475,2024-02-22,109,grower,1.5,45.8,0.4064,7.76,-37.47,Normal
PIG-0476,2024-05-22,19,piglet,0.92,3.4,0.1305,-9.33,-47.79,Normal
PIG-0477,2024-04-02,69,nursery,1.26,11.8,0.1528,-25.08,-59.8,Underweight
PIG-0478,2024-06-05,5,piglet,1.14,3.5,0.472,-6.67,88.8,Normal
PIG-0479,2023-12-30,163,finisher,1.77,133.6,0.8088,57.18,1.1,Overweight
PIG-0480,2024-05-18,23,nursery,1.07,17.5,0.7143,11.11,87.99,Normal
PIG-0481,2024-04-04,67,nursery,1.44,18.1,0.2487,14.92,-34.56,Normal
PIG-0482,2024-05-19,22,nursery,1.05,17.3,0.7386,9.84,94.38,Normal
PIG-0483,2024-01-06,156,finisher,1.34,85.8,0.5414,0.94,-32.32,Normal
PIG-0484,2024-04-14,57,nursery,1.77,16.6,0.2602,5.4,-31.53,Normal
PIG-0485,2024-05-23,18,piglet,0.93,4.2,0.1817,12.0,-27.33,Normal
PIG-0486,2024-04-03,68,nursery,1.53,17.7,0.2378,12.38,-37.42,Normal
PIG-0487,2024-05-09,32,nursery,1.22,14.4,0.4119,-8.57,8.39,Normal
PIG-0488,2024-02-14,117,grower,0.9,17.8,0.1444,-58.12,-77.78,Underweight
PIG-0489,2024-06-07,3,piglet,1.01,3.7,0.8967,-1.33,258.67,Normal
PIG-0490,2024-03-15,87,grower,1.51,45.0,0.4999,5.88,-23.09,Normal
PIG-0491,2024-01-20,142,finisher,1.56,85.6,0.5918,0.71,-26.02,Normal
PIG-0492,2024-02-24,107,grower,0.97,20.3,0.1807,-52.24,-72.21,Underweight
PIG-0493,2024-04-02,69,nursery,1.71,3.5,0.0259,-77.78,-93.17,Underweight
PIG-0494,2024-01-02,160,finisher,1.53,94.1,0.5786,10.71,-27.68,Normal
PIG-0495,2024-05-07,34,nursery,0.96,15.4,0.4247,-2.22,11.76,Normal
PIG-0496,2024-05-29,12,piglet,1.2,8.2,0.5833,118.67,133.33,Overweight
PIG-0497,2024-01-27,135,finisher,1.43,90.3,0.6583,6.24,-17.71,Normal
PIG-0498,2024-04-09,62,nursery,1.39,16.0,0.2356,1.59,-37.99,Normal
PIG-0499,2024-05-12,29,nursery,1.7,13.7,0.4138,-13.02,8.89,Normal
PIG-0500,2024-04-29,42,nursery,1.54,14.0,0.2967,-11.11,-21.93,Normal
