record_id,temperature_c,humidity_pct,thi,weight_change_kg,feed_intake_kg,medicine_given,condition,condition_label
REC0001,30.03,83.95,28.66,0.361,1.829,0,Needs Attention,1
REC0002,26.09,84.09,25.07,0.406,2.229,0,Needs Attention,1
REC0003,29.64,83.32,28.25,0.457,1.816,0,Needs Attention,1
REC0004,31.96,82.47,30.27,0.291,1.837,0,Needs Attention,1
REC0005,24.65,69.07,22.92,0.877,2.968,0,Good,0
REC0006,25.96,84.29,24.97,0.461,2.119,0,Needs Attention,1
REC0007,25.9,80.44,24.67,0.459,2.011,0,Needs Attention,1
REC0008,29.95,86.78,28.82,0.271,1.768,0,Needs Attention,1
REC0009,36.96,93.61,36.17,-0.087,1.043,0,High Risk,2
REC0010,21.63,61.52,20.12,0.666,2.535,0,Good,0
REC0011,34.02,95.27,33.51,-0.738,0.504,0,High Risk,2
REC0012,23.4,68.3,21.85,0.482,2.734,0,Good,0
REC0013,27.76,89.61,27.0,0.296,2.065,1,Needs Attention,1
REC0014,34.71,93.58,33.99,0.011,1.25,0,High Risk,2
REC0015,35.36,93.45,34.61,-0.429,0.581,0,High Risk,2
REC0016,32.24,95.36,31.78,0.173,0.915,1,High Risk,2
REC0017,24.23,63.29,22.27,0.835,3.021,0,Good,0
REC0018,35.76,90.53,34.65,-0.505,1.065,0,High Risk,2
REC0019,29.98,80.01,28.28,0.239,1.886,0,Needs Attention,1
REC0020,19.75,76.43,19.07,0.864,2.483,0,Good,0
REC0021,25.17,87.73,24.45,0.356,1.701,0,Needs Attention,1
REC0022,22.52,72.37,21.3,0.708,3.04,0,Good,0
REC0023,18.13,60.09,17.33,0.537,2.941,0,Good,0
REC0024,25.11,80.58,23.98,0.251,1.988,0,Needs Attention,1
REC0025,21.84,67.12,20.51,0.646,2.906,0,Good,0
REC0026,23.06,71.14,21.7,0.544,2.329,0,Good,0
REC0027,22.45,77.04,21.45,0.77,2.693,0,Good,0
REC0028,32.73,98.64,32.59,0.067,0.89,0,High Risk,2
REC0029,34.79,96.8,34.43,-0.143,0.785,0,High Risk,2
REC0030,34.07,94.99,33.53,-0.761,1.143,0,High Risk,2
REC0031,22.45,78.64,21.51,0.492,2.372,0,Good,0
REC0032,24.8,63.04,22.71,0.691,2.516,0,Good,0
REC0033,25.26,82.75,24.24,0.41,1.688,0,Needs Attention,1
REC0034,27.44,84.58,26.34,0.265,2.162,0,Needs Attention,1
REC0035,18.71,76.06,18.15,0.547,2.812,0,Good,0
REC0036,24.21,75.78,22.92,0.5,2.878,0,Good,0
REC0037,31.06,80.45,29.28,0.296,1.769,0,Needs Attention,1
REC0038,27.3,89.43,26.56,0.391,2.033,0,Needs Attention,1
REC0039,34.19,98.46,34.02,-0.727,1.009,0,High Risk,2
REC0040,20.28,74.51,19.47,0.888,2.846,0,Good,0
REC0041,20.94,74.4,20.03,0.562,3.038,0,Good,0
REC0042,21.66,62.27,20.17,0.806,2.986,0,Good,0
REC0043,18.18,64.97,17.47,0.912,2.398,0,Good,0
REC0044,36.38,94.61,35.73,-0.466,1.252,0,High Risk,2
REC0045,18.6,72.48,17.98,0.813,2.371,0,Good,0
REC0046,22.55,75.91,21.48,0.732,2.353,0,Good,0
REC0047,35.98,97.29,35.66,-0.583,1.302,0,High Risk,2
REC0048,25.59,86.74,24.79,0.382,2.069,1,Needs Attention,1
REC0049,18.57,64.86,17.78,0.724,2.294,0,Good,0
REC0050,35.99,96.9,35.62,-0.144,1.275,0,High Risk,2
REC0051,29.6,88.99,28.69,0.406,2.037,0,Needs Attention,1
REC0052,33.21,93.53,32.54,-0.175,1.07,0,High Risk,2
REC0053,24.93,71.91,23.32,0.786,2.371,0,Good,0
REC0054,28.18,82.47,26.86,0.433,1.618,0,Needs Attention,1
REC0055,20.56,77.82,19.82,0.711,2.894,0,Good,0
REC0056,22.25,72.59,21.08,0.557,2.379,1,Good,0
REC0057,25.37,82.42,24.32,0.38,1.51,0,Needs Attention,1
REC0058,18.14,62.35,17.39,0.909,2.73,0,Good,0
REC0059,21.98,77.94,21.07,0.559,3.015,0,Good,0
REC0060,34.12,92.77,33.34,0.049,0.597,0,High Risk,2
REC0061,23.39,67.68,21.81,0.54,3.029,0,Good,0
REC0062,22.19,73.69,21.07,0.792,2.597,1,Good,0
REC0063,25.65,80.1,24.43,0.44,1.586,0,Needs Attention,1
REC0064,19.13,71.42,18.4,0.903,2.39,0,Good,0
REC0065,29.77,89.17,28.86,0.454,1.697,0,Needs Attention,1
REC0066,30.36,89.18,29.41,0.24,2.224,0,Needs Attention,1
REC0067,29.4,86.67,28.31,0.463,1.729,0,Needs Attention,1
REC0068,32.72,95.83,32.3,-0.696,0.632,0,High Risk,2
REC0069,23.41,71.88,22.03,0.629,2.788,0,Good,0
REC0070,27.55,84.64,26.45,0.288,1.807,0,Needs Attention,1
REC0071,23.29,60.58,21.38,0.798,2.932,0,Good,0
REC0072,28.66,86.44,27.61,0.242,1.801,0,Needs Attention,1
REC0073,27.68,83.66,26.5,0.292,1.842,0,Needs Attention,1
REC0074,30.39,86.94,29.24,0.247,1.826,0,Needs Attention,1
REC0075,23.76,74.95,22.48,0.725,2.54,0,Good,0
REC0076,22.14,67.54,20.77,0.916,2.822,0,Good,0
REC0077,28.95,89.44,28.11,0.469,2.036,0,Needs Attention,1
REC0078,21.08,77.81,20.28,0.693,2.72,0,Good,0
REC0079,29.85,80.76,28.23,0.451,1.692,1,Needs Attention,1
REC0080,20.26,70.67,19.33,0.624,2.618,1,Good,0
REC0081,30.58,80.29,28.84,0.319,2.021,0,Needs Attention,1
REC0082,18.99,67.53,18.19,0.498,2.831,0,Good,0
REC0083,21.51,76.84,20.62,0.804,2.691,0,Good,0
REC0084,23.62,76.21,22.42,0.537,2.502,0,Good,0
REC0085,19.1,66.84,18.26,0.535,2.781,0,Good,0
REC0086,29.2,87.74,28.21,0.267,1.802,0,Needs Attention,1
REC0087,34.27,91.53,33.35,-0.679,0.901,0,High Risk,2
REC0088,29.42,84.37,28.14,0.324,1.674,1,Needs Attention,1
REC0089,31.64,84.17,30.15,0.275,1.589,0,Needs Attention,1
REC0090,22.28,74.45,21.19,0.669,2.484,0,Good,0
REC0091,22.4,62.82,20.79,0.728,2.707,0,Good,0
REC0092,31.38,80.54,29.57,0.469,2.03,0,Needs Attention,1
REC0093,29.29,87.13,28.25,0.271,2.021,1,Needs Attention,1
REC0094,22.55,63.73,20.94,0.773,2.477,0,Good,0
REC0095,29.81,85.84,28.62,0.211,2.111,0,Needs Attention,1
REC0096,18.51,73.05,17.92,0.779,2.426,0,Good,0
REC0097,27.88,82.24,26.57,0.299,2.102,0,Needs Attention,1
REC0098,24.21,69.01,22.56,0.575,2.462,0,Good,0
REC0099,20.5,77.32,19.75,0.507,2.574,0,Good,0
REC0100,34.05,93.28,33.32,-0.472,0.735,0,High Risk,2
REC0101,25.23,85.17,24.36,0.355,1.626,0,Needs Attention,1
REC0102,24.0,63.05,22.07,0.683,2.646,0,Good,0
REC0103,35.67,95.4,35.13,-0.293,0.922,1,High Risk,2
REC0104,24.55,66.45,22.7,0.512,2.394,0,Good,0
REC0105,27.79,82.42,26.5,0.36,1.969,0,Needs Attention,1
REC0106,28.14,84.37,26.97,0.378,1.704,0,Needs Attention,1
REC0107,30.1,87.7,29.04,0.402,1.999,0,Needs Attention,1
REC0108,34.87,91.66,33.94,0.179,1.487,0,High Risk,2
REC0109,18.29,76.12,17.79,0.594,2.547,0,Good,0
REC0110,34.09,90.36,33.05,0.186,1.388,0,High Risk,2
REC0111,29.49,81.12,27.93,0.224,2.01,0,Needs Attention,1
REC0112,36.15,97.29,35.82,-0.117,1.221,0,High Risk,2
REC0113,35.2,95.02,34.63,-0.427,1.456,0,High Risk,2
REC0114,36.44,90.37,35.28,0.001,0.911,1,High Risk,2
REC0115,23.11,76.99,22.02,0.625,2.807,0,Good,0
REC0116,22.33,60.39,20.62,0.697,2.448,1,Good,0
REC0117,19.81,62.14,18.7,0.674,3.007,0,Good,0
REC0118,33.7,91.31,32.78,-0.561,1.467,0,High Risk,2
REC0119,25.89,83.37,24.85,0.209,1.711,0,Needs Attention,1
REC0120,18.89,64.64,18.04,0.522,2.306,0,Good,0
REC0121,34.44,95.09,33.91,-0.459,1.062,0,High Risk,2
REC0122,21.85,63.12,20.36,0.628,2.533,0,Good,0
REC0123,28.62,85.82,27.52,0.313,2.027,1,Needs Attention,1
REC0124,22.31,75.2,21.24,0.894,2.914,0,Good,0
REC0125,18.17,65.6,17.48,0.67,2.656,0,Good,0
REC0126,26.08,82.93,24.99,0.211,2.223,0,Needs Attention,1
REC0127,28.07,89.58,27.3,0.319,1.947,0,Needs Attention,1
REC0128,24.63,64.1,22.63,0.52,2.602,0,Good,0
REC0129,36.9,90.55,35.73,0.03,0.657,0,High Risk,2
REC0130,34.9,97.65,34.64,-0.603,0.622,0,High Risk,2
REC0131,29.49,86.36,28.37,0.214,1.83,0,Needs Attention,1
REC0132,33.09,98.72,32.96,-0.633,1.224,0,High Risk,2
REC0133,23.19,78.59,22.16,0.795,2.908,0,Good,0
REC0134,33.01,97.58,32.77,-0.483,1.139,0,High Risk,2
REC0135,25.45,85.16,24.56,0.389,1.981,0,Needs Attention,1
REC0136,24.45,63.25,22.44,0.703,2.569,0,Good,0
REC0137,23.65,70.28,22.16,0.746,2.814,0,Good,0
REC0138,19.66,63.06,18.61,0.679,2.722,0,Good,0
REC0139,23.5,79.86,22.5,0.889,2.288,0,Good,0
REC0140,18.04,79.4,17.64,0.5,2.841,0,Good,0
REC0141,19.81,69.27,18.91,0.638,2.431,1,Good,0
REC0142,24.77,71.62,23.16,0.517,2.784,0,Good,0
REC0143,26.03,89.46,25.36,0.345,1.623,0,Needs Attention,1
REC0144,20.37,76.29,19.6,0.643,2.537,0,Good,0
REC0145,36.65,98.17,36.43,-0.285,1.288,0,High Risk,2
REC0146,35.04,98.74,34.9,-0.292,1.045,0,High Risk,2
REC0147,32.27,90.95,31.39,-0.464,0.576,0,High Risk,2
REC0148,18.11,62.3,17.36,0.82,2.478,0,Good,0
REC0149,35.39,98.08,35.17,-0.655,1.093,0,High Risk,2
REC0150,23.0,76.93,21.92,0.893,2.388,0,Good,0
REC0151,30.85,82.6,29.29,0.438,1.909,0,Needs Attention,1
REC0152,19.66,70.07,18.81,0.766,2.644,0,Good,0
REC0153,36.08,97.55,35.79,-0.495,0.708,0,High Risk,2
REC0154,18.82,64.44,17.97,0.875,2.659,0,Good,0
REC0155,32.76,90.44,31.8,-0.691,1.013,0,High Risk,2
REC0156,31.26,82.47,29.64,0.391,1.755,0,Needs Attention,1
REC0157,19.9,75.77,19.18,0.69,3.048,1,Good,0
REC0158,31.07,82.51,29.48,0.331,2.166,0,Needs Attention,1
REC0159,20.72,72.27,19.77,0.577,2.335,0,Good,0
REC0160,33.17,94.97,32.66,-0.032,0.708,0,High Risk,2
REC0161,27.49,87.81,26.62,0.375,2.011,0,Needs Attention,1
REC0162,27.04,88.48,26.24,0.428,1.926,0,Needs Attention,1
REC0163,27.46,81.9,26.17,0.399,1.845,0,Needs Attention,1
REC0164,26.96,87.93,26.14,0.277,1.979,0,Needs Attention,1
REC0165,32.6,93.98,32.0,-0.098,0.892,0,High Risk,2
REC0166,28.38,80.09,26.86,0.219,2.081,0,Needs Attention,1
REC0167,22.36,78.13,21.41,0.848,2.855,0,Good,0
REC0168,27.69,83.72,26.51,0.217,2.1,0,Needs Attention,1
REC0169,23.85,60.67,21.83,0.946,2.811,0,Good,0
REC0170,21.07,63.03,19.74,0.762,2.602,0,Good,0
REC0171,22.5,76.78,21.48,0.509,2.892,0,Good,0
REC0172,25.59,83.88,24.61,0.381,2.237,0,Needs Attention,1
REC0173,20.03,74.08,19.24,0.665,2.443,0,Good,0
REC0174,35.53,90.4,34.42,-0.473,1.222,0,High Risk,2
REC0175,31.8,89.66,30.82,0.445,1.539,1,Needs Attention,1
REC0176,21.82,78.42,20.95,0.696,2.625,0,Good,0
REC0177,19.19,61.27,18.19,0.513,2.753,0,Good,0
REC0178,18.68,73.63,18.07,0.734,2.293,0,Good,0
REC0179,35.82,91.13,34.78,0.1,0.743,1,High Risk,2
REC0180,30.55,80.95,28.87,0.405,2.17,0,Needs Attention,1
REC0181,25.14,80.48,24.0,0.328,1.6,0,Needs Attention,1
REC0182,26.67,89.26,25.95,0.262,1.998,0,Needs Attention,1
REC0183,18.16,66.94,17.5,0.948,3.04,0,Good,0
REC0184,30.77,83.68,29.31,0.405,2.218,0,Needs Attention,1
REC0185,34.19,98.41,34.02,-0.065,1.468,0,High Risk,2
REC0186,22.92,62.58,21.19,0.807,2.835,0,Good,0
REC0187,22.5,74.73,21.39,0.53,2.606,0,Good,0
REC0188,20.7,70.38,19.69,0.948,2.327,1,Good,0
REC0189,32.56,97.38,32.3,-0.765,0.712,0,High Risk,2
REC0190,25.56,80.38,24.36,0.379,1.98,0,Needs Attention,1
REC0191,35.67,97.43,35.37,-0.412,1.162,0,High Risk,2
REC0192,33.87,91.71,32.98,-0.295,1.29,0,High Risk,2
REC0193,28.16,87.57,27.23,0.463,2.212,0,Needs Attention,1
REC0194,23.46,69.97,21.98,0.778,2.543,0,Good,0
REC0195,19.57,64.74,18.59,0.609,2.689,0,Good,0
REC0196,24.34,71.3,22.78,0.532,2.535,0,Good,0
REC0197,18.1,65.04,17.41,0.781,2.436,0,Good,0
REC0198,18.04,72.92,17.51,0.875,2.813,0,Good,0
REC0199,25.29,84.48,24.37,0.362,1.569,0,Needs Attention,1
REC0200,20.51,61.13,19.22,0.78,2.657,0,Good,0
REC0201,18.33,70.46,17.7,0.759,2.471,0,Good,0
REC0202,27.75,80.19,26.31,0.437,1.71,0,Needs Attention,1
REC0203,28.5,83.57,27.23,0.242,1.884,0,Needs Attention,1
REC0204,25.56,82.66,24.5,0.469,1.559,0,Needs Attention,1
REC0205,36.89,90.51,35.72,-0.474,0.846,0,High Risk,2
REC0206,26.17,85.78,25.25,0.417,2.243,0,Needs Attention,1
REC0207,23.85,78.42,22.74,0.484,2.845,0,Good,0
REC0208,32.8,93.65,32.16,-0.369,0.694,0,High Risk,2
REC0209,25.15,83.6,24.19,0.393,2.158,0,Needs Attention,1
REC0210,35.4,95.25,34.85,0.136,0.812,0,High Risk,2
REC0211,21.8,60.53,20.21,0.92,2.547,1,Good,0
REC0212,19.76,72.82,18.98,0.655,2.887,0,Good,0
REC0213,35.41,98.55,35.25,-0.8,0.925,0,High Risk,2
REC0214,32.87,95.77,32.44,-0.304,0.596,0,High Risk,2
REC0215,26.06,89.77,25.41,0.368,1.993,0,Needs Attention,1
REC0216,23.3,70.85,21.89,0.939,2.449,0,Good,0
REC0217,29.38,85.65,28.21,0.43,1.543,0,Needs Attention,1
REC0218,23.97,69.62,22.39,0.9,2.946,0,Good,0
REC0219,32.35,95.67,31.92,-0.606,0.524,0,High Risk,2
REC0220,30.94,80.36,29.17,0.222,1.834,0,Needs Attention,1
REC0221,24.83,75.88,23.46,0.92,2.871,0,Good,0
REC0222,30.19,80.69,28.52,0.31,1.797,0,Needs Attention,1
REC0223,36.98,94.35,36.28,0.019,0.809,0,High Risk,2
REC0224,19.29,79.72,18.76,0.812,2.736,0,Good,0
REC0225,32.17,91.29,31.32,-0.3,0.983,0,High Risk,2
REC0226,23.12,68.48,21.63,0.686,2.412,0,Good,0
REC0227,31.6,89.63,30.62,0.443,2.061,0,Needs Attention,1
REC0228,21.52,74.14,20.52,0.934,2.891,0,Good,0
REC0229,33.55,97.46,33.28,-0.389,0.991,1,High Risk,2
REC0230,28.25,81.24,26.83,0.266,1.828,0,Needs Attention,1
REC0231,20.79,60.36,19.42,0.653,2.864,0,Good,0
REC0232,35.13,98.51,34.97,-0.505,0.923,0,High Risk,2
REC0233,27.6,87.04,26.66,0.4,1.679,0,Needs Attention,1
REC0234,27.0,83.03,25.83,0.367,2.158,1,Needs Attention,1
REC0235,24.64,72.55,23.11,0.601,2.68,0,Good,0
REC0236,19.19,73.91,18.52,0.664,2.921,0,Good,0
REC0237,21.52,65.16,20.17,0.664,2.657,0,Good,0
REC0238,33.96,94.71,33.4,-0.554,0.549,0,High Risk,2
REC0239,24.3,64.23,22.37,0.747,2.744,0,Good,0
REC0240,18.81,66.91,18.03,0.867,2.294,0,Good,0
REC0241,22.19,78.13,21.27,0.821,2.725,0,Good,0
REC0242,22.25,68.63,20.91,0.587,3.046,0,Good,0
REC0243,31.95,86.08,30.61,0.454,1.972,1,Needs Attention,1
REC0244,26.02,89.33,25.35,0.47,2.111,0,Needs Attention,1
REC0245,21.61,72.4,20.53,0.74,2.803,0,Good,0
REC0246,18.54,72.41,17.93,0.79,2.652,0,Good,0
REC0247,19.0,64.62,18.13,0.498,2.703,0,Good,0
REC0248,18.52,65.47,17.76,0.927,2.31,0,Good,0
REC0249,20.18,75.38,19.41,0.546,2.838,0,Good,0
REC0250,21.26,67.85,20.06,0.668,2.807,0,Good,0
REC0251,20.32,79.93,19.67,0.71,2.353,0,Good,0
REC0252,36.38,94.87,35.76,0.144,0.705,0,High Risk,2
REC0253,30.03,80.42,28.35,0.256,1.655,0,Needs Attention,1
REC0254,33.73,93.57,33.05,-0.364,1.228,0,High Risk,2
REC0255,23.26,70.04,21.81,0.837,2.766,0,Good,0
REC0256,19.96,67.95,19.0,0.859,3.006,0,Good,0
REC0257,27.94,83.16,26.69,0.388,2.096,0,Needs Attention,1
REC0258,36.59,96.5,36.17,-0.21,1.016,0,High Risk,2
REC0259,35.52,96.05,35.06,-0.598,1.382,0,High Risk,2
REC0260,19.09,69.85,18.33,0.891,2.966,0,Good,0
REC0261,30.82,88.55,29.79,0.426,1.962,0,Needs Attention,1
REC0262,29.46,81.02,27.89,0.379,2.033,0,Needs Attention,1
REC0263,20.99,73.43,20.04,0.874,2.377,0,Good,0
REC0264,22.88,76.61,21.8,0.947,2.919,0,Good,0
REC0265,22.1,78.51,21.2,0.582,2.653,0,Good,0
REC0266,35.4,97.32,35.09,-0.136,1.44,0,High Risk,2
REC0267,27.06,83.69,25.93,0.361,1.785,0,Needs Attention,1
REC0268,18.83,64.49,17.98,0.624,2.752,0,Good,0
REC0269,30.8,88.44,29.77,0.355,2.125,0,Needs Attention,1
REC0270,22.88,69.05,21.45,0.773,2.818,0,Good,0
REC0271,29.31,82.98,27.93,0.44,1.636,0,Needs Attention,1
REC0272,24.25,78.08,23.07,0.889,2.984,0,Good,0
REC0273,35.19,90.73,34.14,-0.553,1.093,0,High Risk,2
REC0274,20.06,70.65,19.16,0.57,2.823,0,Good,0
REC0275,27.23,81.99,25.97,0.379,1.753,0,Needs Attention,1
REC0276,22.96,62.38,21.21,0.758,2.566,0,Good,0
REC0277,23.08,71.87,21.75,0.859,2.442,1,Good,0
REC0278,27.25,83.45,26.09,0.301,1.83,1,Needs Attention,1
REC0279,22.36,79.99,21.5,0.722,2.871,0,Good,0
REC0280,28.2,85.44,27.1,0.295,2.171,0,Needs Attention,1
REC0281,29.25,85.44,28.07,0.361,1.512,0,Needs Attention,1
REC0282,28.53,85.09,27.38,0.316,1.556,0,Needs Attention,1
REC0283,19.24,63.74,18.29,0.817,2.732,0,Good,0
REC0284,18.21,69.25,17.59,0.734,2.323,0,Good,0
REC0285,22.84,79.73,21.91,0.591,2.445,0,Good,0
REC0286,28.39,87.59,27.44,0.38,1.502,0,Needs Attention,1
REC0287,22.03,62.26,20.47,0.786,2.724,0,Good,0
REC0288,18.58,61.71,17.72,0.486,2.301,0,Good,0
REC0289,20.75,67.96,19.65,0.782,2.589,1,Good,0
REC0290,32.68,97.06,32.39,-0.462,1.423,0,High Risk,2
REC0291,32.61,97.2,32.33,-0.612,0.514,0,High Risk,2
REC0292,26.97,85.14,25.95,0.332,1.993,0,Needs Attention,1
REC0293,29.05,83.69,27.74,0.315,2.105,0,Needs Attention,1
REC0294,29.29,83.16,27.92,0.259,2.151,0,Needs Attention,1
REC0295,21.21,62.49,19.82,0.847,2.512,0,Good,0
REC0296,26.74,88.43,25.96,0.417,2.22,0,Needs Attention,1
REC0297,32.18,90.49,31.25,-0.682,1.082,0,High Risk,2
REC0298,20.46,60.54,19.16,0.6,2.784,0,Good,0
REC0299,24.06,69.37,22.45,0.678,2.537,0,Good,0
REC0300,19.69,69.22,18.81,0.667,2.544,1,Good,0
REC0301,25.59,85.95,24.73,0.442,2.238,0,Needs Attention,1
REC0302,18.59,74.45,18.02,0.551,2.471,0,Good,0
REC0303,28.36,80.04,26.84,0.246,2.036,0,Needs Attention,1
REC0304,18.64,72.88,18.02,0.899,2.95,0,Good,0
REC0305,27.57,87.54,26.67,0.414,1.754,0,Needs Attention,1
REC0306,35.92,95.68,35.41,-0.006,1.291,0,High Risk,2
REC0307,18.32,63.63,17.56,0.542,2.778,0,Good,0
REC0308,27.21,80.66,25.86,0.352,2.22,0,Needs Attention,1
REC0309,35.01,93.43,34.27,-0.374,1.05,0,High Risk,2
REC0310,28.95,89.74,28.14,0.377,2.233,0,Needs Attention,1
REC0311,31.24,86.22,29.97,0.465,1.643,0,Needs Attention,1
REC0312,26.88,82.68,25.7,0.299,1.651,0,Needs Attention,1
REC0313,31.02,84.74,29.63,0.467,2.171,0,Needs Attention,1
REC0314,28.13,80.39,26.66,0.332,2.069,0,Needs Attention,1
REC0315,20.63,60.26,19.29,0.513,3.04,0,Good,0
REC0316,30.82,83.18,29.31,0.287,1.851,0,Needs Attention,1
REC0317,24.24,79.39,23.14,0.765,2.561,0,Good,0
REC0318,22.61,71.53,21.34,0.627,2.362,0,Good,0
REC0319,25.16,85.91,24.34,0.4,1.58,0,Needs Attention,1
REC0320,22.56,72.12,21.33,0.847,2.445,1,Good,0
REC0321,18.81,77.29,18.27,0.888,2.736,0,Good,0
REC0322,18.36,63.85,17.59,0.658,2.949,0,Good,0
REC0323,21.78,72.55,20.68,0.604,2.287,0,Good,0
REC0324,27.27,84.46,26.17,0.332,2.223,0,Needs Attention,1
REC0325,29.26,89.85,28.44,0.435,1.869,0,Needs Attention,1
REC0326,25.7,88.22,24.98,0.388,2.189,0,Needs Attention,1
REC0327,19.21,70.12,18.44,0.667,2.871,0,Good,0
REC0328,27.01,86.66,26.09,0.402,2.235,0,Needs Attention,1
REC0329,31.2,82.82,29.62,0.422,2.012,0,Needs Attention,1
REC0330,20.36,66.58,19.29,0.483,2.364,0,Good,0
REC0331,31.7,89.18,30.67,0.336,2.153,0,Needs Attention,1
REC0332,18.55,66.23,17.8,0.722,2.622,0,Good,0
REC0333,27.17,88.93,26.39,0.427,1.564,0,Needs Attention,1
REC0334,31.23,82.09,29.58,0.309,2.137,0,Needs Attention,1
REC0335,20.62,75.54,19.8,0.888,2.432,1,Good,0
REC0336,20.86,75.25,20.0,0.578,2.334,0,Good,0
REC0337,30.99,82.21,29.38,0.274,2.153,0,Needs Attention,1
REC0338,27.6,83.12,26.38,0.428,1.763,0,Needs Attention,1
REC0339,35.01,91.36,34.04,-0.082,0.706,0,High Risk,2
REC0340,29.27,80.15,27.65,0.208,2.071,0,Needs Attention,1
REC0341,28.59,86.87,27.58,0.34,1.509,0,Needs Attention,1
REC0342,20.24,64.1,19.11,0.939,2.823,0,Good,0
REC0343,21.58,67.41,20.31,0.645,2.303,0,Good,0
REC0344,20.99,78.99,20.24,0.794,2.64,0,Good,0
REC0345,20.39,62.97,19.19,0.676,2.894,0,Good,0
REC0346,23.54,67.47,21.92,0.696,2.463,0,Good,0
REC0347,29.33,81.26,27.8,0.47,1.704,0,Needs Attention,1
REC0348,32.96,95.28,32.48,-0.211,0.506,0,High Risk,2
REC0349,18.84,79.08,18.34,0.936,2.894,0,Good,0
REC0350,34.83,91.95,33.93,-0.185,0.587,0,High Risk,2
REC0351,18.79,77.9,18.27,0.767,2.34,0,Good,0
REC0352,21.58,71.49,20.47,0.562,2.765,0,Good,0
REC0353,34.38,92.67,33.58,0.071,1.104,0,High Risk,2
REC0354,24.91,63.01,22.79,0.919,2.641,0,Good,0
REC0355,18.26,66.03,17.56,0.876,2.724,1,Good,0
REC0356,19.55,79.6,18.99,0.536,2.735,0,Good,0
REC0357,18.36,62.34,17.56,0.497,2.861,1,Good,0
REC0358,18.4,60.51,17.56,0.85,3.031,0,Good,0
REC0359,21.88,64.59,20.44,0.518,2.58,0,Good,0
REC0360,19.99,77.94,19.33,0.764,2.961,0,Good,0
REC0361,21.46,68.17,20.24,0.929,2.441,0,Good,0
REC0362,30.77,87.47,29.65,0.357,2.06,0,Needs Attention,1
REC0363,20.26,64.8,19.15,0.652,2.813,0,Good,0
REC0364,25.75,86.3,24.9,0.317,2.129,0,Needs Attention,1
REC0365,18.63,77.47,18.12,0.572,2.599,0,Good,0
REC0366,22.15,79.39,21.28,0.649,2.764,0,Good,0
REC0367,28.39,81.82,27.0,0.436,1.907,0,Needs Attention,1
REC0368,22.43,66.55,20.97,0.601,2.67,0,Good,0
REC0369,23.25,71.61,21.89,0.653,2.296,0,Good,0
REC0370,36.13,93.05,35.31,-0.329,1.324,0,High Risk,2
REC0371,22.14,74.97,21.08,0.916,2.494,0,Good,0
REC0372,25.85,85.06,24.92,0.368,2.137,0,Needs Attention,1
REC0373,24.74,62.78,22.64,0.592,2.691,0,Good,0
REC0374,19.59,69.69,18.74,0.528,2.284,0,Good,0
REC0375,18.41,60.23,17.55,0.903,2.908,0,Good,0
REC0376,28.46,88.76,27.6,0.374,1.63,0,Needs Attention,1
REC0377,29.48,84.94,28.23,0.238,2.035,0,Needs Attention,1
REC0378,23.71,76.84,22.54,0.55,2.438,0,Good,0
REC0379,34.86,92.49,34.02,-0.385,0.673,0,High Risk,2
REC0380,33.05,92.1,32.24,-0.692,1.135,0,High Risk,2
REC0381,22.52,75.39,21.43,0.681,2.645,0,Good,0
REC0382,18.26,69.48,17.63,0.794,2.75,0,Good,0
REC0383,28.91,82.97,27.56,0.326,1.796,0,Needs Attention,1
REC0384,19.37,78.59,18.79,0.944,2.803,0,Good,0
REC0385,22.6,63.47,20.98,0.756,2.963,1,Good,0
REC0386,36.51,94.33,35.83,-0.385,1.091,0,High Risk,2
REC0387,30.64,82.09,29.05,0.258,2.011,0,Needs Attention,1
REC0388,18.84,69.85,18.12,0.736,2.449,0,Good,0
REC0389,35.79,91.67,34.82,-0.694,1.069,1,High Risk,2
REC0390,26.66,83.71,25.57,0.267,2.135,0,Needs Attention,1
REC0391,22.62,68.95,21.23,0.537,2.635,0,Good,0
REC0392,21.47,72.4,20.41,0.515,2.702,0,Good,0
REC0393,29.08,87.88,28.11,0.222,2.215,0,Needs Attention,1
REC0394,19.6,75.1,18.9,0.581,2.465,0,Good,0
REC0395,29.97,89.63,29.09,0.451,1.943,0,Needs Attention,1
REC0396,18.62,78.22,18.13,0.877,2.675,0,Good,0
REC0397,24.27,63.81,22.32,0.857,2.949,1,Good,0
REC0398,20.62,76.6,19.83,0.721,2.947,0,Good,0
REC0399,27.17,82.26,25.93,0.277,1.657,0,Needs Attention,1
REC0400,33.49,90.69,32.52,-0.025,0.73,0,High Risk,2
REC0401,21.19,70.55,20.11,0.596,2.602,0,Good,0
REC0402,29.95,82.7,28.48,0.201,1.927,0,Needs Attention,1
REC0403,27.99,84.04,26.81,0.38,1.894,0,Needs Attention,1
REC0404,25.51,88.35,24.81,0.317,1.818,1,Needs Attention,1
REC0405,25.31,85.01,24.42,0.426,1.689,0,Needs Attention,1
REC0406,28.63,85.77,27.52,0.433,1.769,0,Needs Attention,1
REC0407,35.43,90.2,34.3,0.106,1.242,0,High Risk,2
REC0408,21.32,69.24,20.17,0.765,3.025,0,Good,0
REC0409,23.43,70.72,21.99,0.559,2.789,0,Good,0
REC0410,29.36,88.5,28.42,0.303,1.509,0,Needs Attention,1
REC0411,27.0,81.37,25.72,0.288,2.057,0,Needs Attention,1
REC0412,33.54,95.23,33.04,-0.458,1.353,1,High Risk,2
REC0413,31.23,86.61,30.0,0.241,1.639,0,Needs Attention,1
REC0414,24.14,66.98,22.39,0.637,2.395,0,Good,0
REC0415,36.49,94.48,35.82,0.067,0.524,0,High Risk,2
REC0416,25.53,88.67,24.84,0.283,1.622,0,Needs Attention,1
REC0417,31.61,81.19,29.84,0.288,1.735,1,Needs Attention,1
REC0418,32.5,93.23,31.83,-0.006,0.97,0,High Risk,2
REC0419,28.01,87.39,27.07,0.252,1.552,0,Needs Attention,1
REC0420,23.27,77.93,22.21,0.514,2.559,0,Good,0
REC0421,21.02,64.47,19.75,0.564,2.866,0,Good,0
REC0422,31.49,85.8,30.17,0.396,1.589,0,Needs Attention,1
REC0423,25.41,81.67,24.31,0.253,2.121,0,Needs Attention,1
REC0424,27.47,88.47,26.65,0.263,1.691,0,Needs Attention,1
REC0425,18.71,62.08,17.83,0.779,3.047,0,Good,0
REC0426,24.34,67.98,22.6,0.807,2.644,0,Good,0
REC0427,18.44,71.11,17.82,0.793,2.329,0,Good,0
REC0428,19.9,68.36,18.96,0.533,2.74,0,Good,0
REC0429,28.84,89.51,28.01,0.209,1.896,1,Needs Attention,1
REC0430,24.07,61.33,22.03,0.744,2.763,0,Good,0
REC0431,18.25,77.54,17.79,0.59,3.001,0,Good,0
REC0432,20.72,79.7,20.02,0.551,2.48,0,Good,0
REC0433,18.49,68.48,17.8,0.687,2.805,0,Good,0
REC0434,28.67,80.47,27.15,0.301,2.054,0,Needs Attention,1
REC0435,22.91,64.03,21.25,0.525,2.864,1,Good,0
REC0436,23.83,74.92,22.54,0.773,2.757,0,Good,0
REC0437,24.47,70.23,22.84,0.817,2.596,0,Good,0
REC0438,19.37,61.1,18.33,0.942,2.738,0,Good,0
REC0439,33.24,96.61,32.89,-0.554,0.967,0,High Risk,2
REC0440,31.75,89.58,30.76,0.39,2.167,0,Needs Attention,1
REC0441,20.57,70.49,19.59,0.886,2.901,0,Good,0
REC0442,29.88,87.8,28.85,0.406,1.738,0,Needs Attention,1
REC0443,32.97,91.82,32.14,-0.793,0.995,0,High Risk,2
REC0444,27.5,89.6,26.75,0.208,1.825,1,Needs Attention,1
REC0445,29.71,85.19,28.47,0.469,2.035,0,Needs Attention,1
REC0446,31.42,80.58,29.62,0.404,1.654,0,Needs Attention,1
REC0447,27.09,87.93,26.25,0.449,1.914,0,Needs Attention,1
REC0448,22.84,69.25,21.43,0.614,2.57,0,Good,0
REC0449,26.49,87.72,25.68,0.453,1.873,0,Needs Attention,1
REC0450,30.08,82.22,28.56,0.227,1.622,0,Needs Attention,1
REC0451,29.12,87.85,28.14,0.305,2.017,0,Needs Attention,1
REC0452,35.06,94.3,34.41,-0.689,0.852,0,High Risk,2
REC0453,23.43,79.22,22.41,0.485,2.808,0,Good,0
REC0454,21.75,61.64,20.22,0.489,2.596,0,Good,0
REC0455,24.75,63.09,22.67,0.52,2.933,0,Good,0
REC0456,31.73,88.54,30.65,0.357,1.652,0,Needs Attention,1
REC0457,32.39,95.36,31.94,-0.411,1.235,0,High Risk,2
REC0458,28.85,83.57,27.55,0.257,1.811,0,Needs Attention,1
REC0459,20.23,78.4,19.55,0.509,2.352,0,Good,0
REC0460,24.65,70.49,23.01,0.526,2.697,0,Good,0
REC0461,22.95,76.77,21.87,0.944,2.294,0,Good,0
REC0462,23.66,60.29,21.66,0.789,2.301,0,Good,0
REC0463,29.56,88.11,28.57,0.36,1.506,0,Needs Attention,1
REC0464,32.52,95.44,32.06,0.177,0.784,0,High Risk,2
REC0465,24.93,60.26,22.65,0.869,2.58,0,Good,0
REC0466,24.35,77.53,23.14,0.494,2.899,0,Good,0
REC0467,22.43,67.01,20.99,0.95,2.82,0,Good,0
REC0468,20.3,63.64,19.14,0.704,2.841,0,Good,0
REC0469,31.69,82.87,30.07,0.41,1.784,1,Needs Attention,1
REC0470,28.07,82.76,26.78,0.219,2.155,0,Needs Attention,1
REC0471,18.64,61.31,17.76,0.738,2.906,1,Good,0
REC0472,23.33,64.57,21.61,0.796,2.482,0,Good,0
REC0473,33.43,92.52,32.65,-0.681,0.766,0,High Risk,2
REC0474,21.31,62.58,19.9,0.797,2.909,1,Good,0
REC0475,23.99,71.67,22.51,0.914,2.944,0,Good,0
REC0476,35.5,90.88,34.44,-0.312,1.165,0,High Risk,2
REC0477,34.67,98.42,34.5,-0.746,1.071,0,High Risk,2
REC0478,35.21,95.8,34.73,0.12,0.803,0,High Risk,2
REC0479,29.28,82.91,27.89,0.245,1.83,1,Needs Attention,1
REC0480,26.08,81.41,24.9,0.469,2.138,0,Needs Attention,1
REC0481,26.07,80.08,24.8,0.242,1.684,0,Needs Attention,1
REC0482,23.4,72.36,22.04,0.888,2.552,0,Good,0
REC0483,24.79,72.98,23.26,0.579,2.479,0,Good,0
REC0484,24.01,61.71,22.01,0.489,2.401,0,Good,0
REC0485,29.84,83.79,28.47,0.27,1.577,0,Needs Attention,1
REC0486,24.37,63.76,22.4,0.724,2.917,0,Good,0
REC0487,18.24,65.55,17.53,0.56,2.778,0,Good,0
REC0488,19.73,72.82,18.95,0.807,2.589,0,Good,0
REC0489,19.31,65.54,18.39,0.902,2.356,0,Good,0
REC0490,25.35,85.0,24.46,0.255,1.735,0,Needs Attention,1
REC0491,34.2,93.61,33.51,-0.753,0.914,0,High Risk,2
REC0492,25.28,81.47,24.18,0.393,1.577,0,Needs Attention,1
REC0493,28.71,89.73,27.9,0.423,2.026,1,Needs Attention,1
REC0494,18.22,70.4,17.61,0.714,2.414,0,Good,0
REC0495,21.09,74.32,20.16,0.803,2.412,0,Good,0
REC0496,24.56,60.73,22.39,0.857,2.44,0,Good,0
REC0497,23.69,73.36,22.34,0.5,2.849,0,Good,0
REC0498,20.05,63.1,18.93,0.827,2.681,0,Good,0
REC0499,33.69,95.84,33.25,-0.441,1.398,0,High Risk,2
REC0500,35.16,91.88,34.24,0.133,1.048,0,High Risk,2
REC0501,27.0,84.81,25.96,0.275,1.584,0,Needs Attention,1
REC0502,20.71,74.95,19.85,0.624,2.8,0,Good,0
REC0503,24.52,68.29,22.77,0.706,2.426,0,Good,0
REC0504,34.55,98.47,34.38,-0.347,0.967,0,High Risk,2
REC0505,28.69,87.14,27.69,0.326,1.912,0,Needs Attention,1
REC0506,34.62,90.54,33.57,-0.322,1.213,0,High Risk,2
REC0507,28.29,83.98,27.08,0.263,1.891,0,Needs Attention,1
REC0508,24.14,63.53,22.21,0.68,2.278,0,Good,0
REC0509,34.75,91.98,33.85,-0.79,1.156,0,High Risk,2
REC0510,25.87,87.66,25.09,0.354,1.588,0,Needs Attention,1
REC0511,22.87,76.2,21.78,0.856,2.957,0,Good,0
REC0512,25.94,84.93,24.99,0.211,1.551,0,Needs Attention,1
REC0513,18.29,78.17,17.83,0.885,2.557,0,Good,0
REC0514,19.28,67.5,18.43,0.542,2.61,1,Good,0
REC0515,24.68,75.95,23.34,0.851,2.597,1,Good,0
REC0516,25.63,83.04,24.59,0.45,1.798,0,Needs Attention,1
REC0517,18.66,61.6,17.78,0.826,2.942,1,Good,0
REC0518,18.96,65.05,18.1,0.733,3.011,0,Good,0
REC0519,33.64,95.09,33.13,-0.512,1.258,0,High Risk,2
REC0520,20.05,60.86,18.85,0.882,2.968,0,Good,0
REC0521,18.19,78.69,17.75,0.781,2.426,0,Good,0
REC0522,27.83,84.99,26.73,0.223,2.205,0,Needs Attention,1
REC0523,33.13,97.95,32.92,-0.202,1.014,0,High Risk,2
REC0524,21.44,63.07,20.03,0.562,2.948,0,Good,0
REC0525,23.33,73.44,22.04,0.904,2.831,0,Good,0
REC0526,31.4,89.76,30.45,0.226,1.867,1,Needs Attention,1
REC0527,36.96,98.2,36.74,0.053,1.413,0,High Risk,2
REC0528,24.29,74.91,22.94,0.896,2.994,0,Good,0
REC0529,29.26,80.5,27.68,0.241,2.112,0,Needs Attention,1
REC0530,21.93,73.43,20.84,0.689,2.73,0,Good,0
REC0531,28.78,80.18,27.23,0.265,1.557,0,Needs Attention,1
REC0532,18.52,79.75,18.07,0.693,2.712,0,Good,0
REC0533,30.32,88.07,29.28,0.365,1.548,0,Needs Attention,1
REC0534,22.05,67.18,20.69,0.916,2.35,0,Good,0
REC0535,34.11,93.71,33.44,-0.102,0.906,0,High Risk,2
REC0536,18.59,76.0,18.05,0.79,3.03,0,Good,0
REC0537,21.43,61.77,19.97,0.64,2.893,0,Good,0
REC0538,23.1,69.37,21.65,0.934,2.475,0,Good,0
REC0539,29.77,83.32,28.37,0.33,1.895,1,Needs Attention,1
REC0540,24.9,65.86,22.95,0.817,2.54,0,Good,0
REC0541,21.71,65.38,20.34,0.565,3.043,0,Good,0
REC0542,23.67,63.62,21.84,0.508,3.035,0,Good,0
REC0543,19.97,71.43,19.11,0.807,2.934,0,Good,0
REC0544,27.39,87.61,26.51,0.405,1.884,0,Needs Attention,1
REC0545,19.31,68.75,18.48,0.671,2.713,0,Good,0
REC0546,36.17,97.44,35.87,0.184,0.78,0,High Risk,2
REC0547,28.51,82.16,27.13,0.387,1.733,0,Needs Attention,1
REC0548,36.14,96.57,35.73,-0.124,0.889,0,High Risk,2
REC0549,26.25,82.25,25.1,0.342,2.228,0,Needs Attention,1
REC0550,23.73,62.94,21.85,0.86,2.942,0,Good,0
REC0551,23.63,67.84,22.01,0.939,2.411,0,Good,0
REC0552,29.6,89.1,28.7,0.358,2.058,0,Needs Attention,1
REC0553,27.77,89.51,27.0,0.293,1.748,0,Needs Attention,1
REC0554,19.37,76.45,18.74,0.859,2.307,0,Good,0
REC0555,33.34,93.49,32.66,0.02,0.634,0,High Risk,2
REC0556,32.44,91.12,31.56,-0.546,0.591,0,High Risk,2
REC0557,18.49,66.7,17.76,0.592,2.497,0,Good,0
REC0558,20.52,62.49,19.28,0.742,2.275,0,Good,0
REC0559,20.18,71.67,19.3,0.683,2.377,0,Good,0
REC0560,22.38,78.45,21.45,0.738,2.751,0,Good,0
REC0561,20.44,77.81,19.72,0.707,2.408,0,Good,0
REC0562,35.12,91.14,34.12,-0.171,0.766,0,High Risk,2
REC0563,32.87,90.19,31.87,-0.664,0.572,0,High Risk,2
REC0564,30.21,85.07,28.92,0.323,1.667,0,Needs Attention,1
REC0565,21.63,68.24,20.38,0.632,2.85,0,Good,0
REC0566,20.59,67.94,19.52,0.8,2.837,1,Good,0
REC0567,31.1,88.48,30.05,0.24,1.641,0,Needs Attention,1
REC0568,23.08,62.79,21.33,0.521,2.651,0,Good,0
REC0569,21.31,71.72,20.25,0.716,2.876,0,Good,0
REC0570,33.28,90.72,32.32,0.049,0.754,1,High Risk,2
REC0571,19.95,60.82,18.78,0.886,2.287,0,Good,0
REC0572,19.6,77.25,18.96,0.634,3.007,0,Good,0
REC0573,25.6,87.81,24.85,0.449,1.795,0,Needs Attention,1
REC0574,24.79,73.96,23.31,0.559,2.738,0,Good,0
REC0575,19.14,72.13,18.43,0.718,2.368,0,Good,0
REC0576,36.74,98.84,36.59,0.035,1.404,0,High Risk,2
REC0577,21.48,63.64,20.08,0.587,2.519,0,Good,0
REC0578,25.82,87.89,25.07,0.348,1.789,0,Needs Attention,1
REC0579,23.28,71.91,21.92,0.544,2.821,0,Good,0
REC0580,31.31,84.33,29.86,0.417,1.961,0,Needs Attention,1
REC0581,21.84,62.21,20.32,0.659,3.012,0,Good,0
REC0582,20.04,79.26,19.41,0.592,2.379,0,Good,0
REC0583,32.38,90.51,31.44,-0.427,1.049,0,High Risk,2
REC0584,30.78,82.65,29.22,0.264,1.551,0,Needs Attention,1
REC0585,35.43,90.77,34.37,0.147,0.878,0,High Risk,2
REC0586,18.08,69.44,17.47,0.709,2.895,0,Good,0
REC0587,27.65,84.14,26.5,0.35,2.245,0,Needs Attention,1
REC0588,26.2,80.76,24.97,0.205,1.706,0,Needs Attention,1
REC0589,22.79,79.01,21.83,0.936,2.362,1,Good,0
REC0590,19.22,67.38,18.37,0.601,2.604,1,Good,0
REC0591,24.5,72.21,22.97,0.752,2.955,0,Good,0
REC0592,35.72,94.2,35.04,-0.161,0.677,0,High Risk,2
REC0593,25.37,80.12,24.18,0.304,1.58,0,Needs Attention,1
REC0594,25.6,85.23,24.7,0.259,1.756,0,Needs Attention,1
REC0595,36.46,93.19,35.64,-0.613,0.912,1,High Risk,2
REC0596,24.9,62.41,22.75,0.659,3.048,1,Good,0
REC0597,21.8,76.33,20.85,0.552,2.323,0,Good,0
REC0598,27.93,82.6,26.64,0.383,2.195,0,Needs Attention,1
REC0599,30.13,80.24,28.43,0.204,2.014,0,Needs Attention,1
REC0600,29.33,86.55,28.24,0.356,2.029,0,Needs Attention,1
REC0601,21.67,77.37,20.78,0.907,3.01,0,Good,0
REC0602,24.03,78.53,22.9,0.838,2.929,0,Good,0
REC0603,22.62,62.55,20.95,0.888,2.607,1,Good,0
REC0604,21.9,79.8,21.08,0.724,2.857,0,Good,0
REC0605,29.42,81.62,27.91,0.326,1.549,0,Needs Attention,1
REC0606,35.07,92.04,34.17,-0.267,0.729,0,High Risk,2
REC0607,18.65,60.4,17.75,0.813,3.005,0,Good,0
REC0608,24.1,71.8,22.61,0.503,2.992,0,Good,0
REC0609,27.75,85.3,26.68,0.323,2.061,0,Needs Attention,1
REC0610,27.62,84.7,26.51,0.335,2.05,0,Needs Attention,1
REC0611,20.39,74.27,19.55,0.626,2.883,0,Good,0
REC0612,21.72,78.8,20.88,0.622,2.289,0,Good,0
REC0613,28.55,83.04,27.24,0.462,2.181,0,Needs Attention,1
REC0614,28.19,89.5,27.4,0.215,1.636,0,Needs Attention,1
REC0615,27.58,84.19,26.44,0.467,1.515,0,Needs Attention,1
REC0616,31.87,89.2,30.84,0.235,1.907,1,Needs Attention,1
REC0617,33.6,94.55,33.03,-0.569,1.139,0,High Risk,2
REC0618,27.82,86.52,26.83,0.273,1.807,0,Needs Attention,1
REC0619,32.75,97.9,32.54,-0.387,1.185,0,High Risk,2
REC0620,22.64,67.07,21.16,0.87,2.279,0,Good,0
REC0621,34.93,97.05,34.6,-0.158,1.432,0,High Risk,2
REC0622,23.33,67.29,21.74,0.731,2.584,0,Good,0
REC0623,35.48,90.56,34.39,-0.09,1.073,0,High Risk,2
REC0624,18.12,64.19,17.4,0.919,2.452,0,Good,0
REC0625,20.13,65.71,19.07,0.816,2.5,0,Good,0
REC0626,31.13,88.8,30.11,0.273,1.719,0,Needs Attention,1
REC0627,21.83,79.49,21.0,0.77,2.952,0,Good,0
REC0628,36.94,93.48,36.13,-0.401,1.168,0,High Risk,2
REC0629,33.78,93.98,33.14,-0.088,0.67,0,High Risk,2
REC0630,26.01,82.95,24.93,0.372,1.754,0,Needs Attention,1
REC0631,35.59,93.73,34.86,-0.131,0.652,0,High Risk,2
REC0632,26.86,86.33,25.93,0.368,1.833,0,Needs Attention,1
REC0633,18.66,70.46,17.98,0.854,2.997,1,Good,0
REC0634,29.85,82.82,28.4,0.41,2.046,0,Needs Attention,1
REC0635,33.45,93.04,32.73,0.152,0.854,0,High Risk,2
REC0636,19.71,79.65,19.12,0.525,2.7,0,Good,0
REC0637,19.4,61.48,18.36,0.689,2.48,0,Good,0
REC0638,33.35,94.87,32.82,0.053,0.954,0,High Risk,2
REC0639,23.75,64.76,21.96,0.769,2.801,0,Good,0
REC0640,32.1,95.39,31.65,-0.36,0.52,0,High Risk,2
REC0641,24.59,77.4,23.34,0.507,2.279,0,Good,0
REC0642,22.42,77.31,21.43,0.737,2.473,0,Good,0
REC0643,18.68,65.62,17.89,0.542,2.983,0,Good,0
REC0644,34.0,96.0,33.58,0.182,1.388,0,High Risk,2
REC0645,18.5,70.75,17.86,0.805,2.645,0,Good,0
REC0646,28.64,83.13,27.32,0.409,1.877,0,Needs Attention,1
REC0647,32.57,93.98,31.97,-0.704,0.718,0,High Risk,2
REC0648,36.68,93.4,35.87,-0.747,0.916,1,High Risk,2
REC0649,26.48,81.02,25.23,0.239,2.014,0,Needs Attention,1
REC0650,33.52,93.56,32.84,-0.49,1.322,1,High Risk,2
REC0651,20.37,62.4,19.16,0.933,2.45,0,Good,0
REC0652,35.92,91.46,34.91,-0.42,1.358,0,High Risk,2
REC0653,36.34,95.94,35.85,0.021,1.169,0,High Risk,2
REC0654,27.13,80.52,25.77,0.337,1.975,0,Needs Attention,1
REC0655,32.57,91.66,31.74,-0.458,1.351,0,High Risk,2
REC0656,35.39,96.32,34.97,-0.681,1.171,0,High Risk,2
REC0657,30.61,84.84,29.27,0.358,2.218,0,Needs Attention,1
REC0658,33.64,91.47,32.75,-0.101,0.637,1,High Risk,2
REC0659,22.43,72.56,21.24,0.929,2.869,0,Good,0
REC0660,36.46,97.46,36.16,0.012,1.079,0,High Risk,2
REC0661,19.01,63.54,18.11,0.492,3.002,0,Good,0
REC0662,36.05,91.77,35.07,-0.024,1.013,0,High Risk,2
REC0663,35.68,90.41,34.56,-0.505,0.809,0,High Risk,2
REC0664,31.69,80.55,29.85,0.249,1.609,0,Needs Attention,1
REC0665,19.13,64.26,18.22,0.786,3.04,0,Good,0
REC0666,24.81,62.24,22.67,0.491,2.338,0,Good,0
REC0667,29.16,87.61,28.16,0.382,2.13,0,Needs Attention,1
REC0668,21.56,71.22,20.44,0.748,2.841,0,Good,0
REC0669,23.53,65.41,21.81,0.849,2.394,0,Good,0
REC0670,23.27,78.92,22.25,0.665,2.317,0,Good,0
REC0671,27.51,81.28,26.17,0.238,1.905,0,Needs Attention,1
REC0672,27.66,89.91,26.93,0.262,1.81,0,Needs Attention,1
REC0673,25.95,85.91,25.06,0.403,1.843,0,Needs Attention,1
REC0674,31.38,86.34,30.11,0.273,1.621,0,Needs Attention,1
REC0675,21.78,66.97,20.45,0.848,2.296,0,Good,0
REC0676,24.26,76.28,22.99,0.826,2.983,0,Good,0
REC0677,19.68,65.57,18.7,0.705,2.683,0,Good,0
REC0678,23.79,77.96,22.66,0.593,2.692,0,Good,0
REC0679,35.28,93.18,34.5,-0.747,1.304,1,High Risk,2
REC0680,22.64,67.26,21.18,0.673,2.861,0,Good,0
REC0681,28.47,84.77,27.3,0.429,2.127,0,Needs Attention,1
REC0682,35.14,94.09,34.46,-0.67,0.895,0,High Risk,2
REC0683,25.45,87.29,24.68,0.301,1.819,0,Needs Attention,1
REC0684,22.21,61.13,20.56,0.61,2.472,0,Good,0
REC0685,34.1,94.87,33.55,-0.619,0.641,1,High Risk,2
REC0686,20.13,60.91,18.92,0.844,2.284,0,Good,0
REC0687,29.72,87.49,28.67,0.351,2.043,0,Needs Attention,1
REC0688,31.77,89.08,30.73,0.417,1.689,0,Needs Attention,1
REC0689,20.22,62.69,19.04,0.647,2.801,1,Good,0
REC0690,22.46,66.7,21.0,0.649,2.522,0,Good,0
REC0691,25.64,85.39,24.74,0.262,1.88,0,Needs Attention,1
REC0692,30.93,87.83,29.83,0.368,1.964,1,Needs Attention,1
REC0693,28.26,84.6,27.1,0.389,1.849,0,Needs Attention,1
REC0694,27.13,82.07,25.89,0.298,1.686,0,Needs Attention,1
REC0695,33.77,90.71,32.79,-0.446,1.188,0,High Risk,2
REC0696,18.98,69.43,18.23,0.73,2.531,0,Good,0
REC0697,29.85,81.47,28.29,0.274,1.985,0,Needs Attention,1
REC0698,19.51,70.87,18.71,0.868,3.026,0,Good,0
REC0699,22.42,68.02,21.03,0.551,2.623,0,Good,0
REC0700,24.36,63.38,22.37,0.724,2.952,0,Good,0
REC0701,26.77,89.52,26.06,0.279,2.185,0,Needs Attention,1
REC0702,28.92,87.12,27.9,0.223,1.782,0,Needs Attention,1
REC0703,32.32,97.23,32.05,0.166,1.058,0,High Risk,2
REC0704,29.49,85.21,28.27,0.218,1.656,0,Needs Attention,1
REC0705,32.74,97.85,32.53,-0.662,0.525,0,High Risk,2
REC0706,28.43,89.51,27.62,0.361,2.046,0,Needs Attention,1
REC0707,21.52,63.45,20.11,0.698,2.289,0,Good,0
REC0708,22.27,73.35,21.13,0.771,2.452,0,Good,0
REC0709,29.88,88.94,28.94,0.285,1.891,1,Needs Attention,1
REC0710,33.17,91.19,32.26,-0.733,0.697,0,High Risk,2
REC0711,30.41,88.36,29.39,0.253,1.923,0,Needs Attention,1
REC0712,27.87,87.18,26.93,0.217,1.722,0,Needs Attention,1
REC0713,20.62,73.93,19.74,0.933,2.988,0,Good,0
REC0714,28.16,87.41,27.21,0.202,2.244,0,Needs Attention,1
REC0715,23.17,63.0,21.4,0.623,2.768,0,Good,0
REC0716,23.72,70.65,22.23,0.565,2.748,0,Good,0
REC0717,18.77,72.44,18.12,0.67,3.027,0,Good,0
REC0718,34.83,94.55,34.22,0.041,1.296,0,High Risk,2
REC0719,31.92,87.08,30.68,0.388,1.948,0,Needs Attention,1
REC0720,20.11,66.91,19.09,0.514,2.758,0,Good,0
REC0721,36.79,95.14,36.2,-0.344,1.422,0,High Risk,2
REC0722,24.28,73.58,22.86,0.739,2.415,0,Good,0
REC0723,28.23,80.62,26.77,0.375,1.966,0,Needs Attention,1
REC0724,23.57,63.27,21.74,0.692,2.692,0,Good,0
REC0725,20.52,70.05,19.53,0.773,2.754,0,Good,0
REC0726,18.72,61.34,17.82,0.732,2.295,1,Good,0
REC0727,20.23,67.93,19.22,0.893,2.991,0,Good,0
REC0728,24.14,70.64,22.58,0.608,2.956,0,Good,0
REC0729,19.13,71.74,18.41,0.865,2.959,1,Good,0
REC0730,22.94,61.99,21.18,0.511,2.326,0,Good,0
REC0731,21.0,65.77,19.77,0.609,2.892,0,Good,0
REC0732,21.14,71.19,20.09,0.633,2.772,0,Good,0
REC0733,35.34,93.96,34.65,-0.083,0.744,1,High Risk,2
REC0734,27.14,86.63,26.21,0.223,1.552,0,Needs Attention,1
REC0735,36.83,94.29,36.13,-0.023,1.227,1,High Risk,2
REC0736,36.94,92.84,36.06,0.143,0.778,0,High Risk,2
REC0737,35.07,95.19,34.53,-0.789,0.851,0,High Risk,2
REC0738,21.58,65.16,20.22,0.685,2.917,0,Good,0
REC0739,27.45,81.97,26.16,0.214,2.061,0,Needs Attention,1
REC0740,21.54,64.2,20.15,0.486,2.311,0,Good,0
REC0741,29.14,87.09,28.1,0.225,1.854,0,Needs Attention,1
REC0742,27.9,83.25,26.66,0.382,1.692,1,Needs Attention,1
REC0743,30.86,89.41,29.9,0.289,1.678,0,Needs Attention,1
REC0744,32.54,97.88,32.33,-0.055,1.119,0,High Risk,2
REC0745,23.94,65.7,22.16,0.692,2.371,0,Good,0
REC0746,28.84,89.81,28.03,0.364,2.2,0,Needs Attention,1
REC0747,33.77,91.59,32.88,-0.482,0.903,1,High Risk,2
REC0748,30.68,80.0,28.9,0.25,1.96,1,Needs Attention,1
REC0749,33.87,95.27,33.37,0.038,1.439,0,High Risk,2
REC0750,35.6,94.65,34.98,0.111,0.522,0,High Risk,2
REC0751,27.1,85.47,26.09,0.426,2.057,0,Needs Attention,1
REC0752,35.44,95.42,34.92,-0.396,1.163,0,High Risk,2
REC0753,30.58,82.3,29.02,0.354,1.655,0,Needs Attention,1
REC0754,19.97,78.3,19.32,0.691,2.339,0,Good,0
REC0755,34.28,90.46,33.24,-0.568,0.737,0,High Risk,2
REC0756,27.48,86.57,26.52,0.378,1.539,1,Needs Attention,1
REC0757,22.92,79.3,21.96,0.791,2.666,0,Good,0
REC0758,33.23,92.27,32.43,0.05,0.675,0,High Risk,2
REC0759,24.91,77.11,23.6,0.827,2.631,0,Good,0
REC0760,26.61,89.57,25.92,0.273,1.62,1,Needs Attention,1
REC0761,24.51,62.73,22.46,0.53,3.006,1,Good,0
REC0762,26.5,87.54,25.68,0.418,2.194,0,Needs Attention,1
REC0763,22.04,63.42,20.52,0.759,2.333,0,Good,0
REC0764,36.25,98.46,36.07,-0.11,1.371,0,High Risk,2
REC0765,26.6,88.9,25.86,0.387,1.507,0,Needs Attention,1
REC0766,31.75,82.29,30.07,0.327,1.698,0,Needs Attention,1
REC0767,22.78,67.96,21.32,0.527,2.301,0,Good,0
REC0768,35.4,90.64,34.32,-0.615,0.8,0,High Risk,2
REC0769,34.39,96.81,34.04,0.05,0.722,0,High Risk,2
REC0770,21.45,73.37,20.43,0.713,2.442,1,Good,0
REC0771,29.41,81.67,27.91,0.331,1.558,1,Needs Attention,1
REC0772,26.0,87.29,25.2,0.463,2.005,0,Needs Attention,1
REC0773,19.21,77.54,18.63,0.917,2.801,0,Good,0
REC0774,25.5,89.81,24.88,0.253,2.098,0,Needs Attention,1
REC0775,20.24,75.51,19.46,0.694,2.332,0,Good,0
REC0776,33.37,93.89,32.73,-0.663,0.759,0,High Risk,2
REC0777,31.26,81.75,29.58,0.324,1.964,0,Needs Attention,1
REC0778,24.58,69.02,22.86,0.771,2.32,0,Good,0
REC0779,21.99,65.09,20.55,0.59,2.95,0,Good,0
REC0780,25.71,81.52,24.57,0.332,2.034,0,Needs Attention,1
REC0781,31.7,81.66,29.96,0.345,1.562,0,Needs Attention,1
REC0782,31.89,89.81,30.92,0.275,2.209,0,Needs Attention,1
REC0783,20.63,73.3,19.73,0.793,2.763,0,Good,0
REC0784,23.91,66.93,22.2,0.719,2.459,0,Good,0
REC0785,23.15,69.97,21.72,0.541,2.525,0,Good,0
REC0786,19.86,68.21,18.92,0.582,2.781,0,Good,0
REC0787,33.85,98.62,33.7,-0.296,1.377,0,High Risk,2
REC0788,35.24,95.74,34.76,-0.554,0.907,0,High Risk,2
REC0789,28.46,84.34,27.26,0.407,2.098,0,Needs Attention,1
REC0790,18.32,71.3,17.71,0.544,2.295,0,Good,0
REC0791,27.84,84.17,26.68,0.221,2.133,0,Needs Attention,1
REC0792,26.16,89.95,25.52,0.314,1.552,0,Needs Attention,1
REC0793,34.93,90.44,33.86,0.096,0.629,0,High Risk,2
REC0794,33.55,90.78,32.58,-0.065,1.066,0,High Risk,2
REC0795,35.35,90.72,34.29,-0.382,0.783,0,High Risk,2
REC0796,27.78,86.8,26.81,0.246,1.663,0,Needs Attention,1
REC0797,32.18,95.92,31.78,-0.633,0.559,0,High Risk,2
REC0798,32.85,98.67,32.72,-0.433,0.855,0,High Risk,2
REC0799,27.19,85.94,26.2,0.257,1.78,0,Needs Attention,1
REC0800,33.72,92.26,32.9,-0.129,0.679,1,High Risk,2
REC0801,31.33,81.2,29.59,0.432,1.959,0,Needs Attention,1
REC0802,36.27,95.63,35.75,-0.03,1.172,0,High Risk,2
REC0803,30.54,82.28,28.98,0.369,1.58,0,Needs Attention,1
REC0804,30.45,81.03,28.79,0.242,1.551,0,Needs Attention,1
REC0805,20.28,78.9,19.61,0.494,2.656,0,Good,0
REC0806,24.4,70.15,22.78,0.54,2.799,0,Good,0
REC0807,31.87,85.64,30.5,0.282,1.578,0,Needs Attention,1
REC0808,23.1,73.81,21.86,0.839,2.759,0,Good,0
REC0809,30.78,88.9,29.79,0.42,1.543,0,Needs Attention,1
REC0810,23.66,78.02,22.55,0.633,2.482,0,Good,0
REC0811,30.28,85.31,29.01,0.287,1.636,1,Needs Attention,1
REC0812,22.74,63.69,21.1,0.508,2.501,0,Good,0
REC0813,29.11,85.21,27.92,0.442,1.836,0,Needs Attention,1
REC0814,35.7,94.86,35.1,-0.435,0.759,0,High Risk,2
REC0815,32.3,94.07,31.72,-0.257,0.639,1,High Risk,2
REC0816,34.86,91.08,33.87,-0.55,1.291,0,High Risk,2
REC0817,36.6,95.29,36.03,-0.57,0.896,0,High Risk,2
REC0818,25.2,80.71,24.06,0.432,1.544,0,Needs Attention,1
REC0819,21.46,67.16,20.2,0.563,2.341,0,Good,0
REC0820,28.45,83.72,27.2,0.297,1.974,0,Needs Attention,1
REC0821,24.58,66.47,22.72,0.805,2.913,0,Good,0
REC0822,30.94,87.71,29.83,0.353,1.911,0,Needs Attention,1
REC0823,29.74,83.98,28.4,0.426,1.954,0,Needs Attention,1
REC0824,27.07,83.92,25.96,0.257,1.734,0,Needs Attention,1
REC0825,30.44,88.39,29.42,0.395,1.648,0,Needs Attention,1
REC0826,31.13,80.17,29.31,0.288,1.718,0,Needs Attention,1
REC0827,36.26,93.11,35.44,-0.261,1.272,0,High Risk,2
REC0828,18.71,65.68,17.92,0.767,2.579,0,Good,0
REC0829,20.6,63.56,19.38,0.842,2.713,0,Good,0
REC0830,26.09,87.59,25.3,0.405,2.236,0,Needs Attention,1
REC0831,21.0,79.94,20.29,0.602,2.352,0,Good,0
REC0832,26.7,87.42,25.86,0.35,1.86,0,Needs Attention,1
REC0833,36.27,95.26,35.7,0.064,0.831,0,High Risk,2
REC0834,23.23,63.21,21.46,0.525,2.954,0,Good,0
REC0835,19.09,62.22,18.14,0.709,2.599,0,Good,0
REC0836,30.64,84.23,29.24,0.415,1.978,0,Needs Attention,1
REC0837,30.36,85.7,29.11,0.438,1.944,0,Needs Attention,1
REC0838,32.11,97.33,31.85,-0.634,0.679,1,High Risk,2
REC0839,28.45,86.31,27.4,0.372,2.043,0,Needs Attention,1
REC0840,30.3,88.11,29.27,0.234,1.968,0,Needs Attention,1
REC0841,29.78,86.78,28.67,0.423,1.821,0,Needs Attention,1
REC0842,27.02,84.76,25.97,0.3,2.177,0,Needs Attention,1
REC0843,26.13,82.89,25.03,0.281,1.69,0,Needs Attention,1
REC0844,18.18,70.41,17.58,0.924,3.011,0,Good,0
REC0845,32.83,90.97,31.92,-0.056,1.48,0,High Risk,2
REC0846,31.71,82.05,30.01,0.332,1.769,0,Needs Attention,1
REC0847,28.07,84.58,26.92,0.211,1.706,0,Needs Attention,1
REC0848,20.72,60.73,19.38,0.931,2.827,0,Good,0
REC0849,28.64,83.7,27.37,0.445,1.69,0,Needs Attention,1
REC0850,21.64,61.55,20.13,0.597,2.972,0,Good,0
REC0851,18.46,69.09,17.78,0.936,3.038,0,Good,0
REC0852,29.57,83.93,28.24,0.369,2.102,0,Needs Attention,1
REC0853,34.93,92.98,34.14,0.004,0.738,0,High Risk,2
REC0854,22.49,61.74,20.81,0.927,2.315,0,Good,0
REC0855,24.6,72.67,23.08,0.633,2.33,0,Good,0
REC0856,21.6,71.08,20.47,0.722,2.692,1,Good,0
REC0857,35.49,91.46,34.51,-0.532,0.66,0,High Risk,2
REC0858,23.56,76.34,22.38,0.589,2.834,0,Good,0
REC0859,26.45,87.03,25.6,0.377,2.156,0,Needs Attention,1
REC0860,27.32,88.17,26.48,0.259,2.05,0,Needs Attention,1
REC0861,23.7,74.75,22.42,0.863,2.381,0,Good,0
REC0862,20.01,68.78,19.06,0.946,2.505,0,Good,0
REC0863,22.71,77.24,21.68,0.657,2.334,0,Good,0
REC0864,28.78,83.22,27.46,0.245,1.554,0,Needs Attention,1
REC0865,20.89,73.27,19.95,0.825,2.374,1,Good,0
REC0866,28.07,81.96,26.72,0.257,1.803,0,Needs Attention,1
REC0867,25.85,84.33,24.87,0.285,1.72,1,Needs Attention,1
REC0868,20.55,62.56,19.3,0.663,2.321,0,Good,0
REC0869,23.8,78.65,22.71,0.607,2.461,0,Good,0
REC0870,27.75,88.92,26.95,0.218,1.624,0,Needs Attention,1
REC0871,26.44,86.22,25.54,0.439,2.007,0,Needs Attention,1
REC0872,18.05,69.84,17.46,0.855,2.519,0,Good,0
REC0873,34.96,93.45,34.22,-0.799,0.907,0,High Risk,2
REC0874,31.36,86.45,30.11,0.259,1.717,0,Needs Attention,1
REC0875,35.33,96.32,34.91,-0.056,1.483,0,High Risk,2
REC0876,34.79,96.87,34.44,-0.053,1.371,0,High Risk,2
REC0877,19.97,60.9,18.79,0.73,2.495,1,Good,0
REC0878,35.52,94.9,34.93,-0.319,1.164,0,High Risk,2
REC0879,19.27,79.24,18.73,0.825,2.701,0,Good,0
REC0880,22.7,64.13,21.09,0.753,2.868,0,Good,0
REC0881,18.85,69.11,18.11,0.591,2.484,0,Good,0
REC0882,26.53,87.82,25.72,0.371,1.92,0,Needs Attention,1
REC0883,19.97,69.04,19.04,0.769,2.659,0,Good,0
REC0884,21.89,64.85,20.46,0.8,2.4,0,Good,0
REC0885,25.6,89.67,24.97,0.415,1.514,0,Needs Attention,1
REC0886,20.28,64.92,19.16,0.794,2.341,0,Good,0
REC0887,30.65,86.02,29.41,0.445,2.167,0,Needs Attention,1
REC0888,24.58,66.19,22.7,0.497,2.407,0,Good,0
REC0889,35.87,91.14,34.83,-0.128,1.088,0,High Risk,2
REC0890,22.93,68.02,21.44,0.709,2.639,0,Good,0
REC0891,27.91,84.25,26.75,0.3,2.162,0,Needs Attention,1
REC0892,30.09,83.53,28.67,0.433,2.057,0,Needs Attention,1
REC0893,30.65,87.8,29.57,0.44,1.626,1,Needs Attention,1
REC0894,21.66,77.99,20.79,0.835,2.95,0,Good,0
REC0895,30.38,82.4,28.84,0.237,1.882,0,Needs Attention,1
REC0896,20.7,61.04,19.37,0.632,2.923,0,Good,0
REC0897,26.55,84.98,25.56,0.253,1.684,0,Needs Attention,1
REC0898,29.25,80.04,27.63,0.377,1.762,0,Needs Attention,1
REC0899,29.05,85.11,27.85,0.295,2.028,0,Needs Attention,1
REC0900,32.23,92.67,31.51,-0.637,1.238,0,High Risk,2
REC0901,33.37,97.38,33.1,-0.486,0.985,1,High Risk,2
REC0902,35.85,93.73,35.11,-0.344,1.487,0,High Risk,2
REC0903,20.06,74.62,19.28,0.823,2.494,0,Good,0
REC0904,18.59,70.74,17.93,0.763,3.026,0,Good,0
REC0905,22.43,75.99,21.38,0.818,3.038,0,Good,0
REC0906,25.93,88.07,25.18,0.418,2.236,0,Needs Attention,1
REC0907,31.98,81.86,30.24,0.333,1.669,0,Needs Attention,1
REC0908,24.32,75.0,22.97,0.581,3.0,0,Good,0
REC0909,29.06,81.92,27.61,0.357,1.647,1,Needs Attention,1
REC0910,30.23,80.89,28.58,0.417,2.138,0,Needs Attention,1
REC0911,33.28,95.52,32.82,-0.043,1.447,0,High Risk,2
REC0912,31.35,87.13,30.16,0.26,1.508,0,Needs Attention,1
REC0913,19.75,68.07,18.82,0.918,2.784,0,Good,0
REC0914,25.4,83.0,24.38,0.353,1.703,0,Needs Attention,1
REC0915,23.65,72.65,22.27,0.675,2.331,0,Good,0
REC0916,24.66,71.17,23.04,0.752,2.291,0,Good,0
REC0917,33.69,98.12,33.49,-0.455,1.109,0,High Risk,2
REC0918,35.44,95.16,34.89,-0.25,1.274,0,High Risk,2
REC0919,28.01,85.18,26.91,0.235,1.57,0,Needs Attention,1
REC0920,24.04,76.26,22.8,0.694,2.531,0,Good,0
REC0921,18.06,62.55,17.33,0.58,2.406,0,Good,0
REC0922,24.76,71.69,23.16,0.789,2.404,0,Good,0
REC0923,29.52,89.02,28.61,0.271,2.124,1,Needs Attention,1
REC0924,25.89,82.12,24.77,0.422,2.012,0,Needs Attention,1
REC0925,24.21,73.18,22.78,0.686,2.886,0,Good,0
REC0926,31.16,80.0,29.33,0.259,2.2,0,Needs Attention,1
REC0927,24.73,71.83,23.14,0.507,2.576,0,Good,0
REC0928,22.99,72.12,21.69,0.524,2.812,0,Good,0
REC0929,18.68,78.95,18.2,0.839,2.415,0,Good,0
REC0930,32.5,91.36,31.64,-0.297,0.632,0,High Risk,2
REC0931,29.08,80.01,27.48,0.412,1.993,0,Needs Attention,1
REC0932,22.31,77.44,21.34,0.512,2.758,0,Good,0
REC0933,31.85,88.07,30.72,0.2,2.141,0,Needs Attention,1
REC0934,24.68,68.51,22.91,0.946,2.541,0,Good,0
REC0935,19.49,71.67,18.71,0.777,2.589,0,Good,0
REC0936,22.87,71.4,21.55,0.88,2.442,0,Good,0
REC0937,27.45,83.88,26.3,0.323,1.57,0,Needs Attention,1
REC0938,19.24,67.25,18.39,0.571,2.543,0,Good,0
REC0939,24.39,74.82,23.02,0.93,2.473,0,Good,0
REC0940,20.25,61.22,19.02,0.784,2.456,0,Good,0
REC0941,36.34,96.08,35.87,0.136,1.366,1,High Risk,2
REC0942,34.55,95.81,34.09,-0.74,0.999,0,High Risk,2
REC0943,26.89,80.73,25.58,0.433,2.18,1,Needs Attention,1
REC0944,33.56,96.2,33.16,-0.501,0.832,0,High Risk,2
REC0945,26.07,87.13,25.25,0.44,1.915,0,Needs Attention,1
REC0946,34.07,90.56,33.06,-0.732,1.425,1,High Risk,2
REC0947,31.53,87.68,30.37,0.251,1.935,1,Needs Attention,1
REC0948,33.43,95.01,32.91,-0.491,1.041,0,High Risk,2
REC0949,20.59,64.85,19.41,0.529,2.711,0,Good,0
REC0950,25.95,86.46,25.1,0.284,1.511,0,Needs Attention,1
REC0951,34.92,95.24,34.38,0.078,0.979,0,High Risk,2
REC0952,27.14,83.48,25.99,0.206,1.955,0,Needs Attention,1
REC0953,28.44,89.93,27.66,0.269,1.771,1,Needs Attention,1
REC0954,19.69,67.55,18.77,0.727,2.451,0,Good,0
REC0955,28.57,80.78,27.08,0.324,2.15,0,Needs Attention,1
REC0956,27.91,83.59,26.7,0.352,1.798,0,Needs Attention,1
REC0957,29.24,89.64,28.4,0.403,1.519,0,Needs Attention,1
REC0958,31.15,86.62,29.93,0.416,1.72,0,Needs Attention,1
REC0959,28.6,84.72,27.42,0.415,1.917,0,Needs Attention,1
REC0960,18.32,79.0,17.88,0.755,2.4,0,Good,0
REC0961,31.66,83.77,30.13,0.411,1.792,0,Needs Attention,1
REC0962,25.18,87.73,24.46,0.311,1.726,0,Needs Attention,1
REC0963,36.11,98.98,35.99,0.028,1.185,0,High Risk,2
REC0964,27.91,82.82,26.65,0.349,1.813,0,Needs Attention,1
REC0965,23.96,66.73,22.23,0.587,2.814,0,Good,0
REC0966,18.98,79.4,18.47,0.565,2.65,0,Good,0
REC0967,24.74,74.88,23.32,0.714,2.89,0,Good,0
REC0968,28.1,80.63,26.65,0.325,2.113,1,Needs Attention,1
REC0969,20.57,60.79,19.26,0.862,2.951,0,Good,0
REC0970,23.59,62.8,21.73,0.574,2.878,0,Good,0
REC0971,32.16,95.45,31.72,0.057,1.059,0,High Risk,2
REC0972,24.28,66.44,22.48,0.53,2.777,0,Good,0
REC0973,23.62,68.38,22.04,0.897,2.674,1,Good,0
REC0974,33.41,94.31,32.82,0.088,1.177,0,High Risk,2
REC0975,22.01,68.82,20.73,0.709,2.907,1,Good,0
REC0976,27.04,81.05,25.73,0.356,2.108,0,Needs Attention,1
REC0977,21.04,72.23,20.04,0.549,2.929,0,Good,0
REC0978,31.51,83.03,29.92,0.247,2.023,0,Needs Attention,1
REC0979,23.57,77.88,22.46,0.667,2.483,0,Good,0
REC0980,31.17,86.41,29.93,0.218,1.517,0,Needs Attention,1
REC0981,20.92,69.18,19.83,0.864,2.299,0,Good,0
REC0982,29.03,81.63,27.56,0.421,1.882,0,Needs Attention,1
REC0983,35.41,98.59,35.25,0.07,1.482,0,High Risk,2
REC0984,18.76,75.45,18.18,0.801,2.618,0,Good,0
REC0985,18.66,66.67,17.9,0.623,2.878,0,Good,0
REC0986,22.46,64.95,20.93,0.811,2.609,0,Good,0
REC0987,27.29,87.07,26.38,0.3,1.708,0,Needs Attention,1
REC0988,20.49,73.88,19.63,0.643,2.967,0,Good,0
REC0989,22.99,62.04,21.21,0.867,2.732,0,Good,0
REC0990,29.18,83.6,27.86,0.331,2.053,0,Needs Attention,1
REC0991,24.27,75.67,22.97,0.827,2.502,0,Good,0
REC0992,28.59,81.34,27.14,0.248,1.651,0,Needs Attention,1
REC0993,22.28,60.24,20.58,0.937,2.947,0,Good,0
REC0994,30.81,86.57,29.6,0.417,1.921,0,Needs Attention,1
REC0995,19.39,67.62,18.52,0.718,3.001,0,Good,0
REC0996,20.87,62.68,19.56,0.804,2.81,1,Good,0
REC0997,23.67,78.77,22.6,0.699,2.751,0,Good,0
REC0998,33.54,91.04,32.6,-0.294,0.899,0,High Risk,2
REC0999,22.91,63.57,21.22,0.901,2.777,0,Good,0
REC1000,20.2,71.04,19.29,0.888,2.951,0,Good,0
